-- MySQL dump 10.13  Distrib 8.0.23, for osx10.16 (x86_64)
--
-- Host: localhost    Database: capstone
-- ------------------------------------------------------
-- Server version	8.0.23

/*!40101 SET @OLD_CHARACTER_SET_CLIENT=@@CHARACTER_SET_CLIENT */;
/*!40101 SET @OLD_CHARACTER_SET_RESULTS=@@CHARACTER_SET_RESULTS */;
/*!40101 SET @OLD_COLLATION_CONNECTION=@@COLLATION_CONNECTION */;
/*!50503 SET NAMES utf8mb4 */;
/*!40103 SET @OLD_TIME_ZONE=@@TIME_ZONE */;
/*!40103 SET TIME_ZONE='+00:00' */;
/*!40014 SET @OLD_UNIQUE_CHECKS=@@UNIQUE_CHECKS, UNIQUE_CHECKS=0 */;
/*!40014 SET @OLD_FOREIGN_KEY_CHECKS=@@FOREIGN_KEY_CHECKS, FOREIGN_KEY_CHECKS=0 */;
/*!40101 SET @OLD_SQL_MODE=@@SQL_MODE, SQL_MODE='NO_AUTO_VALUE_ON_ZERO' */;
/*!40111 SET @OLD_SQL_NOTES=@@SQL_NOTES, SQL_NOTES=0 */;

--
-- Table structure for table `auth_group`
--

DROP TABLE IF EXISTS `auth_group`;
/*!40101 SET @saved_cs_client     = @@character_set_client */;
/*!50503 SET character_set_client = utf8mb4 */;
CREATE TABLE `auth_group` (
  `id` int NOT NULL AUTO_INCREMENT,
  `name` varchar(150) NOT NULL,
  PRIMARY KEY (`id`),
  UNIQUE KEY `name` (`name`)
) ENGINE=InnoDB DEFAULT CHARSET=utf8mb4 COLLATE=utf8mb4_0900_ai_ci;
/*!40101 SET character_set_client = @saved_cs_client */;

--
-- Dumping data for table `auth_group`
--

LOCK TABLES `auth_group` WRITE;
/*!40000 ALTER TABLE `auth_group` DISABLE KEYS */;
/*!40000 ALTER TABLE `auth_group` ENABLE KEYS */;
UNLOCK TABLES;

--
-- Table structure for table `auth_group_permissions`
--

DROP TABLE IF EXISTS `auth_group_permissions`;
/*!40101 SET @saved_cs_client     = @@character_set_client */;
/*!50503 SET character_set_client = utf8mb4 */;
CREATE TABLE `auth_group_permissions` (
  `id` int NOT NULL AUTO_INCREMENT,
  `group_id` int NOT NULL,
  `permission_id` int NOT NULL,
  PRIMARY KEY (`id`),
  UNIQUE KEY `auth_group_permissions_group_id_permission_id_0cd325b0_uniq` (`group_id`,`permission_id`),
  KEY `auth_group_permissio_permission_id_84c5c92e_fk_auth_perm` (`permission_id`),
  CONSTRAINT `auth_group_permissio_permission_id_84c5c92e_fk_auth_perm` FOREIGN KEY (`permission_id`) REFERENCES `auth_permission` (`id`),
  CONSTRAINT `auth_group_permissions_group_id_b120cbf9_fk_auth_group_id` FOREIGN KEY (`group_id`) REFERENCES `auth_group` (`id`)
) ENGINE=InnoDB DEFAULT CHARSET=utf8mb4 COLLATE=utf8mb4_0900_ai_ci;
/*!40101 SET character_set_client = @saved_cs_client */;

--
-- Dumping data for table `auth_group_permissions`
--

LOCK TABLES `auth_group_permissions` WRITE;
/*!40000 ALTER TABLE `auth_group_permissions` DISABLE KEYS */;
/*!40000 ALTER TABLE `auth_group_permissions` ENABLE KEYS */;
UNLOCK TABLES;

--
-- Table structure for table `auth_permission`
--

DROP TABLE IF EXISTS `auth_permission`;
/*!40101 SET @saved_cs_client     = @@character_set_client */;
/*!50503 SET character_set_client = utf8mb4 */;
CREATE TABLE `auth_permission` (
  `id` int NOT NULL AUTO_INCREMENT,
  `name` varchar(255) NOT NULL,
  `content_type_id` int NOT NULL,
  `codename` varchar(100) NOT NULL,
  PRIMARY KEY (`id`),
  UNIQUE KEY `auth_permission_content_type_id_codename_01ab375a_uniq` (`content_type_id`,`codename`),
  CONSTRAINT `auth_permission_content_type_id_2f476e4b_fk_django_co` FOREIGN KEY (`content_type_id`) REFERENCES `django_content_type` (`id`)
) ENGINE=InnoDB AUTO_INCREMENT=73 DEFAULT CHARSET=utf8mb4 COLLATE=utf8mb4_0900_ai_ci;
/*!40101 SET character_set_client = @saved_cs_client */;

--
-- Dumping data for table `auth_permission`
--

LOCK TABLES `auth_permission` WRITE;
/*!40000 ALTER TABLE `auth_permission` DISABLE KEYS */;
INSERT INTO `auth_permission` VALUES (1,'Can add log entry',1,'add_logentry'),(2,'Can change log entry',1,'change_logentry'),(3,'Can delete log entry',1,'delete_logentry'),(4,'Can view log entry',1,'view_logentry'),(5,'Can add permission',2,'add_permission'),(6,'Can change permission',2,'change_permission'),(7,'Can delete permission',2,'delete_permission'),(8,'Can view permission',2,'view_permission'),(9,'Can add group',3,'add_group'),(10,'Can change group',3,'change_group'),(11,'Can delete group',3,'delete_group'),(12,'Can view group',3,'view_group'),(13,'Can add user',4,'add_user'),(14,'Can change user',4,'change_user'),(15,'Can delete user',4,'delete_user'),(16,'Can view user',4,'view_user'),(17,'Can add content type',5,'add_contenttype'),(18,'Can change content type',5,'change_contenttype'),(19,'Can delete content type',5,'delete_contenttype'),(20,'Can view content type',5,'view_contenttype'),(21,'Can add session',6,'add_session'),(22,'Can change session',6,'change_session'),(23,'Can delete session',6,'delete_session'),(24,'Can view session',6,'view_session'),(25,'Can add auth group',8,'add_authgroup'),(26,'Can change auth group',8,'change_authgroup'),(27,'Can delete auth group',8,'delete_authgroup'),(28,'Can view auth group',8,'view_authgroup'),(29,'Can add auth group permissions',9,'add_authgrouppermissions'),(30,'Can change auth group permissions',9,'change_authgrouppermissions'),(31,'Can delete auth group permissions',9,'delete_authgrouppermissions'),(32,'Can view auth group permissions',9,'view_authgrouppermissions'),(33,'Can add auth permission',10,'add_authpermission'),(34,'Can change auth permission',10,'change_authpermission'),(35,'Can delete auth permission',10,'delete_authpermission'),(36,'Can view auth permission',10,'view_authpermission'),(37,'Can add auth user',11,'add_authuser'),(38,'Can change auth user',11,'change_authuser'),(39,'Can delete auth user',11,'delete_authuser'),(40,'Can view auth user',11,'view_authuser'),(41,'Can add auth user groups',12,'add_authusergroups'),(42,'Can change auth user groups',12,'change_authusergroups'),(43,'Can delete auth user groups',12,'delete_authusergroups'),(44,'Can view auth user groups',12,'view_authusergroups'),(45,'Can add auth user user permissions',13,'add_authuseruserpermissions'),(46,'Can change auth user user permissions',13,'change_authuseruserpermissions'),(47,'Can delete auth user user permissions',13,'delete_authuseruserpermissions'),(48,'Can view auth user user permissions',13,'view_authuseruserpermissions'),(49,'Can add django admin log',14,'add_djangoadminlog'),(50,'Can change django admin log',14,'change_djangoadminlog'),(51,'Can delete django admin log',14,'delete_djangoadminlog'),(52,'Can view django admin log',14,'view_djangoadminlog'),(53,'Can add django content type',15,'add_djangocontenttype'),(54,'Can change django content type',15,'change_djangocontenttype'),(55,'Can delete django content type',15,'delete_djangocontenttype'),(56,'Can view django content type',15,'view_djangocontenttype'),(57,'Can add django migrations',16,'add_djangomigrations'),(58,'Can change django migrations',16,'change_djangomigrations'),(59,'Can delete django migrations',16,'delete_djangomigrations'),(60,'Can view django migrations',16,'view_djangomigrations'),(61,'Can add django session',17,'add_djangosession'),(62,'Can change django session',17,'change_djangosession'),(63,'Can delete django session',17,'delete_djangosession'),(64,'Can view django session',17,'view_djangosession'),(65,'Can add member',7,'add_member'),(66,'Can change member',7,'change_member'),(67,'Can delete member',7,'delete_member'),(68,'Can view member',7,'view_member'),(69,'Can add sourcecode',18,'add_sourcecode'),(70,'Can change sourcecode',18,'change_sourcecode'),(71,'Can delete sourcecode',18,'delete_sourcecode'),(72,'Can view sourcecode',18,'view_sourcecode');
/*!40000 ALTER TABLE `auth_permission` ENABLE KEYS */;
UNLOCK TABLES;

--
-- Table structure for table `auth_user`
--

DROP TABLE IF EXISTS `auth_user`;
/*!40101 SET @saved_cs_client     = @@character_set_client */;
/*!50503 SET character_set_client = utf8mb4 */;
CREATE TABLE `auth_user` (
  `id` int NOT NULL AUTO_INCREMENT,
  `password` varchar(128) NOT NULL,
  `last_login` datetime(6) DEFAULT NULL,
  `is_superuser` tinyint(1) NOT NULL,
  `username` varchar(150) NOT NULL,
  `first_name` varchar(150) NOT NULL,
  `last_name` varchar(150) NOT NULL,
  `email` varchar(254) NOT NULL,
  `is_staff` tinyint(1) NOT NULL,
  `is_active` tinyint(1) NOT NULL,
  `date_joined` datetime(6) NOT NULL,
  PRIMARY KEY (`id`),
  UNIQUE KEY `username` (`username`)
) ENGINE=InnoDB AUTO_INCREMENT=3 DEFAULT CHARSET=utf8mb4 COLLATE=utf8mb4_0900_ai_ci;
/*!40101 SET character_set_client = @saved_cs_client */;

--
-- Dumping data for table `auth_user`
--

LOCK TABLES `auth_user` WRITE;
/*!40000 ALTER TABLE `auth_user` DISABLE KEYS */;
INSERT INTO `auth_user` VALUES (1,'pbkdf2_sha256$216000$9XWHupdGypvs$0MYkAFjCMUVHXvLvSNi7gHI2xGFgWIelIdVdhY+yQYo=','2021-05-13 14:07:40.359145',1,'root','','','jaehyen2@naver.com',1,1,'2021-04-02 06:58:01.435766');
/*!40000 ALTER TABLE `auth_user` ENABLE KEYS */;
UNLOCK TABLES;

--
-- Table structure for table `auth_user_groups`
--

DROP TABLE IF EXISTS `auth_user_groups`;
/*!40101 SET @saved_cs_client     = @@character_set_client */;
/*!50503 SET character_set_client = utf8mb4 */;
CREATE TABLE `auth_user_groups` (
  `id` int NOT NULL AUTO_INCREMENT,
  `user_id` int NOT NULL,
  `group_id` int NOT NULL,
  PRIMARY KEY (`id`),
  UNIQUE KEY `auth_user_groups_user_id_group_id_94350c0c_uniq` (`user_id`,`group_id`),
  KEY `auth_user_groups_group_id_97559544_fk_auth_group_id` (`group_id`),
  CONSTRAINT `auth_user_groups_group_id_97559544_fk_auth_group_id` FOREIGN KEY (`group_id`) REFERENCES `auth_group` (`id`),
  CONSTRAINT `auth_user_groups_user_id_6a12ed8b_fk_auth_user_id` FOREIGN KEY (`user_id`) REFERENCES `auth_user` (`id`)
) ENGINE=InnoDB DEFAULT CHARSET=utf8mb4 COLLATE=utf8mb4_0900_ai_ci;
/*!40101 SET character_set_client = @saved_cs_client */;

--
-- Dumping data for table `auth_user_groups`
--

LOCK TABLES `auth_user_groups` WRITE;
/*!40000 ALTER TABLE `auth_user_groups` DISABLE KEYS */;
/*!40000 ALTER TABLE `auth_user_groups` ENABLE KEYS */;
UNLOCK TABLES;

--
-- Table structure for table `auth_user_user_permissions`
--

DROP TABLE IF EXISTS `auth_user_user_permissions`;
/*!40101 SET @saved_cs_client     = @@character_set_client */;
/*!50503 SET character_set_client = utf8mb4 */;
CREATE TABLE `auth_user_user_permissions` (
  `id` int NOT NULL AUTO_INCREMENT,
  `user_id` int NOT NULL,
  `permission_id` int NOT NULL,
  PRIMARY KEY (`id`),
  UNIQUE KEY `auth_user_user_permissions_user_id_permission_id_14a6b632_uniq` (`user_id`,`permission_id`),
  KEY `auth_user_user_permi_permission_id_1fbb5f2c_fk_auth_perm` (`permission_id`),
  CONSTRAINT `auth_user_user_permi_permission_id_1fbb5f2c_fk_auth_perm` FOREIGN KEY (`permission_id`) REFERENCES `auth_permission` (`id`),
  CONSTRAINT `auth_user_user_permissions_user_id_a95ead1b_fk_auth_user_id` FOREIGN KEY (`user_id`) REFERENCES `auth_user` (`id`)
) ENGINE=InnoDB DEFAULT CHARSET=utf8mb4 COLLATE=utf8mb4_0900_ai_ci;
/*!40101 SET character_set_client = @saved_cs_client */;

--
-- Dumping data for table `auth_user_user_permissions`
--

LOCK TABLES `auth_user_user_permissions` WRITE;
/*!40000 ALTER TABLE `auth_user_user_permissions` DISABLE KEYS */;
/*!40000 ALTER TABLE `auth_user_user_permissions` ENABLE KEYS */;
UNLOCK TABLES;

--
-- Table structure for table `django_admin_log`
--

DROP TABLE IF EXISTS `django_admin_log`;
/*!40101 SET @saved_cs_client     = @@character_set_client */;
/*!50503 SET character_set_client = utf8mb4 */;
CREATE TABLE `django_admin_log` (
  `id` int NOT NULL AUTO_INCREMENT,
  `action_time` datetime(6) NOT NULL,
  `object_id` longtext,
  `object_repr` varchar(200) NOT NULL,
  `action_flag` smallint unsigned NOT NULL,
  `change_message` longtext NOT NULL,
  `content_type_id` int DEFAULT NULL,
  `user_id` int NOT NULL,
  PRIMARY KEY (`id`),
  KEY `django_admin_log_content_type_id_c4bce8eb_fk_django_co` (`content_type_id`),
  KEY `django_admin_log_user_id_c564eba6_fk_auth_user_id` (`user_id`),
  CONSTRAINT `django_admin_log_content_type_id_c4bce8eb_fk_django_co` FOREIGN KEY (`content_type_id`) REFERENCES `django_content_type` (`id`),
  CONSTRAINT `django_admin_log_user_id_c564eba6_fk_auth_user_id` FOREIGN KEY (`user_id`) REFERENCES `auth_user` (`id`),
  CONSTRAINT `django_admin_log_chk_1` CHECK ((`action_flag` >= 0))
) ENGINE=InnoDB AUTO_INCREMENT=2 DEFAULT CHARSET=utf8mb4 COLLATE=utf8mb4_0900_ai_ci;
/*!40101 SET character_set_client = @saved_cs_client */;

--
-- Dumping data for table `django_admin_log`
--

LOCK TABLES `django_admin_log` WRITE;
/*!40000 ALTER TABLE `django_admin_log` DISABLE KEYS */;
INSERT INTO `django_admin_log` VALUES (1,'2021-04-09 09:33:15.700112','3','Member object (3)',1,'[{\"added\": {}}]',7,1);
/*!40000 ALTER TABLE `django_admin_log` ENABLE KEYS */;
UNLOCK TABLES;

--
-- Table structure for table `django_content_type`
--

DROP TABLE IF EXISTS `django_content_type`;
/*!40101 SET @saved_cs_client     = @@character_set_client */;
/*!50503 SET character_set_client = utf8mb4 */;
CREATE TABLE `django_content_type` (
  `id` int NOT NULL AUTO_INCREMENT,
  `app_label` varchar(100) NOT NULL,
  `model` varchar(100) NOT NULL,
  PRIMARY KEY (`id`),
  UNIQUE KEY `django_content_type_app_label_model_76bd3d3b_uniq` (`app_label`,`model`)
) ENGINE=InnoDB AUTO_INCREMENT=19 DEFAULT CHARSET=utf8mb4 COLLATE=utf8mb4_0900_ai_ci;
/*!40101 SET character_set_client = @saved_cs_client */;

--
-- Dumping data for table `django_content_type`
--

LOCK TABLES `django_content_type` WRITE;
/*!40000 ALTER TABLE `django_content_type` DISABLE KEYS */;
INSERT INTO `django_content_type` VALUES (8,'account','authgroup'),(9,'account','authgrouppermissions'),(10,'account','authpermission'),(11,'account','authuser'),(12,'account','authusergroups'),(13,'account','authuseruserpermissions'),(14,'account','djangoadminlog'),(15,'account','djangocontenttype'),(16,'account','djangomigrations'),(17,'account','djangosession'),(7,'account','member'),(18,'account','sourcecode'),(1,'admin','logentry'),(3,'auth','group'),(2,'auth','permission'),(4,'auth','user'),(5,'contenttypes','contenttype'),(6,'sessions','session');
/*!40000 ALTER TABLE `django_content_type` ENABLE KEYS */;
UNLOCK TABLES;

--
-- Table structure for table `django_migrations`
--

DROP TABLE IF EXISTS `django_migrations`;
/*!40101 SET @saved_cs_client     = @@character_set_client */;
/*!50503 SET character_set_client = utf8mb4 */;
CREATE TABLE `django_migrations` (
  `id` int NOT NULL AUTO_INCREMENT,
  `app` varchar(255) NOT NULL,
  `name` varchar(255) NOT NULL,
  `applied` datetime(6) NOT NULL,
  PRIMARY KEY (`id`)
) ENGINE=InnoDB AUTO_INCREMENT=20 DEFAULT CHARSET=utf8mb4 COLLATE=utf8mb4_0900_ai_ci;
/*!40101 SET character_set_client = @saved_cs_client */;

--
-- Dumping data for table `django_migrations`
--

LOCK TABLES `django_migrations` WRITE;
/*!40000 ALTER TABLE `django_migrations` DISABLE KEYS */;
INSERT INTO `django_migrations` VALUES (1,'contenttypes','0001_initial','2021-04-02 06:52:35.423782'),(2,'auth','0001_initial','2021-04-02 06:52:35.490447'),(3,'admin','0001_initial','2021-04-02 06:52:35.621039'),(4,'admin','0002_logentry_remove_auto_add','2021-04-02 06:52:35.660358'),(5,'admin','0003_logentry_add_action_flag_choices','2021-04-02 06:52:35.667528'),(6,'contenttypes','0002_remove_content_type_name','2021-04-02 06:52:35.718185'),(7,'auth','0002_alter_permission_name_max_length','2021-04-02 06:52:35.740038'),(8,'auth','0003_alter_user_email_max_length','2021-04-02 06:52:35.759206'),(9,'auth','0004_alter_user_username_opts','2021-04-02 06:52:35.766346'),(10,'auth','0005_alter_user_last_login_null','2021-04-02 06:52:35.791112'),(11,'auth','0006_require_contenttypes_0002','2021-04-02 06:52:35.792850'),(12,'auth','0007_alter_validators_add_error_messages','2021-04-02 06:52:35.799831'),(13,'auth','0008_alter_user_username_max_length','2021-04-02 06:52:35.824531'),(14,'auth','0009_alter_user_last_name_max_length','2021-04-02 06:52:35.854164'),(15,'auth','0010_alter_group_name_max_length','2021-04-02 06:52:35.869108'),(16,'auth','0011_update_proxy_permissions','2021-04-02 06:52:35.876889'),(17,'auth','0012_alter_user_first_name_max_length','2021-04-02 06:52:35.902143'),(18,'sessions','0001_initial','2021-04-02 06:52:35.912212'),(19,'account','0001_initial','2021-05-13 09:53:32.406248');
/*!40000 ALTER TABLE `django_migrations` ENABLE KEYS */;
UNLOCK TABLES;

--
-- Table structure for table `django_session`
--

DROP TABLE IF EXISTS `django_session`;
/*!40101 SET @saved_cs_client     = @@character_set_client */;
/*!50503 SET character_set_client = utf8mb4 */;
CREATE TABLE `django_session` (
  `session_key` varchar(40) NOT NULL,
  `session_data` longtext NOT NULL,
  `expire_date` datetime(6) NOT NULL,
  PRIMARY KEY (`session_key`),
  KEY `django_session_expire_date_a5c62663` (`expire_date`)
) ENGINE=InnoDB DEFAULT CHARSET=utf8mb4 COLLATE=utf8mb4_0900_ai_ci;
/*!40101 SET character_set_client = @saved_cs_client */;

--
-- Dumping data for table `django_session`
--

LOCK TABLES `django_session` WRITE;
/*!40000 ALTER TABLE `django_session` DISABLE KEYS */;
INSERT INTO `django_session` VALUES ('11gtcxoq07nh82m2f6js1pogexqjfx92','e30:1lmwNX:kPpSSTyf9LVchSW85hNVrBZSbfe1NFDMsmLSGd2x_iQ','2021-06-12 10:39:39.906630'),('4bk146ly3u6hk7spn6jj02ed5tqgnoap','.eJxVjEEOwiAQRe_C2hCgKINL956BzDBTqRpISrsy3l2bdKHb_977L5VwXUpau8xpYnVWVh1-N8L8kLoBvmO9NZ1bXeaJ9KbonXZ9bSzPy-7-HRTs5VsTGvBAo_dDcNaiM3HAMVqJAJzJu2wF3BCDJWYOWeQE3kFAOFIOzqj3B9b-N6c:1lX6Iw:LAPxZbJYUl5odX6nOxtwaMfZT4QZWGE0kjTJ_IOM-NA','2021-04-29 18:01:26.904206'),('6slttgvxfwekmjxadnrr8isb0qcm12bt','e30:1lUkte:w-ke0GXJO4TlzXe4SVj_aOQixP7hYjCZz3BoO0tb5ro','2021-04-23 06:45:38.759358'),('7n337vudf51mym7inzzrg2n5bigc7oej','.eJxVjDsOwyAQRO9CHSEDhrVTpvcZ0MIuwUkEkj9VlLvHSG7cTPHmzXzFvvIi7gJzETfhcd-yb8jPdFB1ZQHjm0sr6IXlWWWsZVvmIJsiz3aVUyX-PE73cpBxzceaHRjoQogaWZNm29uUWBnSpicNkY8ck3W204AA5CiYAVSiUQ0OOYjfH6lNPBw:1lhC33:2NwY7H2TSOdlaT5cArwsF4Ih2Ca0D_RNamj_HPyLTnk','2021-05-27 14:10:45.864543'),('a6wtnxh6e75p1qb1uhl7t4si4ugvws4h','eyJ1c2VyX251bWIiOjEyfQ:1lo1UT:LRgmOgQNdKs9peldTcG_baxiqwO5UDFvp2zW7M46Xdo','2021-06-15 10:19:17.634697'),('cxg4kajr5pi9qe9ho4hw9k9mqnv8qgi7','.eJxVjEEOwiAQRe_C2hCgKINL956BzDBTqRpISrsy3l2bdKHb_977L5VwXUpau8xpYnVWVh1-N8L8kLoBvmO9NZ1bXeaJ9KbonXZ9bSzPy-7-HRTs5VsTGvBAo_dDcNaiM3HAMVqJAJzJu2wF3BCDJWYOWeQE3kFAOFIOzqj3B9b-N6c:1lVmgd:BGmML4pLDL7EqasSk0jyPdyHOuI7bwD5vWR7qpFgznQ','2021-04-26 02:52:27.596646'),('lpubo8nxe1k179e9820kb2q76hosd992','e30:1lixsJ:964YjivtZZ_zWO6jS7FVsFxKH2Fi7R4e5wRhhJ_r-yM','2021-06-01 11:26:59.168893'),('ovpq3ryidae5gkk4895yn6s4euo091qj','.eJxVjEEOwiAQRe_C2hCgKINL956BzDBTqRpISrsy3l2bdKHb_977L5VwXUpau8xpYnVWVh1-N8L8kLoBvmO9NZ1bXeaJ9KbonXZ9bSzPy-7-HRTs5VsTGvBAo_dDcNaiM3HAMVqJAJzJu2wF3BCDJWYOWeQE3kFAOFIOzqj3B9b-N6c:1lUlgE:Jv-wvJPPxsHD2tdsAm892HYW35HjfZ3wpjAmgF4Dnr4','2021-04-23 07:35:50.982266'),('pfjojmr03aqr98jztm0rja1kr9n8diav','e30:1lUkw8:beQnMqY1l0_fOB15A6daIwXyQlCJBeFKWm83EecyuxM','2021-04-23 06:48:12.598870'),('s4w0v95abda5udk9gauqvtkx2af0zi3r','.eJxVjDsOwjAQBe_iGln-rT-U9JzBWttrHECOFCcV4u4QKQW0b2bei0Xc1ha3QUucCjszyU6_W8L8oL6Dcsd-m3me-7pMie8KP-jg17nQ83K4fwcNR_vWBKCs1E6AyEZ6K4O0DlQlbYJwujoKmJJSHrW3PiSFgApFLRp8lsaz9wegqzaF:1lSDl5:f_gRnrRZ1n9v8S1LSnZPnNYKmOTUeENhRhnXSM_bnKE','2021-04-16 06:58:19.578130'),('yn3im9y2hoa48dr1yycwx93dlvzb6ilq','e30:1llyGC:oxoS0EMdAGzxNsUCNCdv6QJdplhr1LwrFxSVjpw41-s','2021-06-09 18:28:04.801915');
/*!40000 ALTER TABLE `django_session` ENABLE KEYS */;
UNLOCK TABLES;

--
-- Table structure for table `member`
--

DROP TABLE IF EXISTS `member`;
/*!40101 SET @saved_cs_client     = @@character_set_client */;
/*!50503 SET character_set_client = utf8mb4 */;
CREATE TABLE `member` (
  `User_number` int NOT NULL AUTO_INCREMENT,
  `User_name` varchar(20) DEFAULT NULL,
  `user_id` varchar(20) DEFAULT NULL,
  `User_password` varchar(20) NOT NULL,
  PRIMARY KEY (`User_number`),
  UNIQUE KEY `user_id` (`user_id`),
  UNIQUE KEY `user_id_2` (`user_id`),
  UNIQUE KEY `user_id_3` (`user_id`)
) ENGINE=InnoDB AUTO_INCREMENT=13 DEFAULT CHARSET=utf8mb4 COLLATE=utf8mb4_0900_ai_ci;
/*!40101 SET character_set_client = @saved_cs_client */;

--
-- Dumping data for table `member`
--

LOCK TABLES `member` WRITE;
/*!40000 ALTER TABLE `member` DISABLE KEYS */;
INSERT INTO `member` VALUES (1,'jaehyun','jaehyen2','wogus12'),(2,'ahn','jaeyooou','1234'),(3,'최락현','fkr123','1234'),(4,'ahn','ahn','1234'),(5,'hon','hon','1234'),(8,'asdf','asdf','1234'),(12,'hong2','hong2','1234');
/*!40000 ALTER TABLE `member` ENABLE KEYS */;
UNLOCK TABLES;

--
-- Table structure for table `sourcecode`
--

DROP TABLE IF EXISTS `sourcecode`;
/*!40101 SET @saved_cs_client     = @@character_set_client */;
/*!50503 SET character_set_client = utf8mb4 */;
CREATE TABLE `sourcecode` (
  `User_code` longtext,
  `code_date` date DEFAULT NULL,
  `code_title` varchar(50) DEFAULT NULL,
  `process_time` double DEFAULT NULL,
  `User_number` int DEFAULT NULL,
  `code_number` int NOT NULL AUTO_INCREMENT,
  PRIMARY KEY (`code_number`),
  KEY `User_number` (`User_number`),
  CONSTRAINT `sourcecode_ibfk_1` FOREIGN KEY (`User_number`) REFERENCES `member` (`User_number`)
) ENGINE=InnoDB AUTO_INCREMENT=289 DEFAULT CHARSET=utf8mb4 COLLATE=utf8mb4_0900_ai_ci;
/*!40101 SET character_set_client = @saved_cs_client */;

--
-- Dumping data for table `sourcecode`
--

LOCK TABLES `sourcecode` WRITE;
/*!40000 ALTER TABLE `sourcecode` DISABLE KEYS */;
INSERT INTO `sourcecode` VALUES ('print(hi\")',NULL,NULL,NULL,NULL,1),('hi','2020-01-16','init',NULL,NULL,2),('asdf',NULL,'init2',123,1,3),('hi',NULL,'example',2,4,4),('print(\"hi\")','2021-05-14','제목',0.0007679462432861328,4,5),('a = 10\r\nb = 20\r\nc = 30\r\nprint(a+b+c)','2021-05-14','Bubble_sort',0.0007901191711425781,4,6),('def a()\r\n	print(hi)\r\n	\r\na','2021-05-20','Bubble_sort',0.01025700569152832,4,7),('def a :\r\n	print(hi)\r\n	\r\na','2021-05-20','Bubble_sort',0.0006830692291259766,4,8),('\r\ndef solution(int a , int b):\r\n	pass\r\n\r\nif __name__ == \'__main__\':\r\n	print(\"hi\")','2021-05-20','Bubble_sort',0.000701904296875,4,9),('a = input()\r\n','2021-05-21','Bubble_sort',0.012362957000732422,4,10),('a = input(\"hi\")\r\n','2021-05-21','Bubble_sort',0.0026679039001464844,4,11),('asdf',NULL,NULL,NULL,NULL,12),('asdf',NULL,NULL,NULL,NULL,13),('asdf',NULL,NULL,NULL,NULL,14),('# include <stdio.h>\n# define SWAP(x, y, temp) ( (temp)=(x), (x)=(y), (y)=(temp) )\n# define MAX_SIZE 5\n\n// 선택 정렬\nvoid selection_sort(int list[], int n){\n  int i, j, least, temp;\n\n  // 마지막 숫자는 자동으로 정렬되기 때문에 (숫자 개수-1) 만큼 반복한다.\n  for(i=0; i<n-1; i++){\n    least = i;\n\n    // 최솟값을 탐색한다.\n    for(j=i+1; j<n; j++){\n      if(list[j]<list[least])\n        least = j;\n    }\n\n    // 최솟값이 자기 자신이면 자료 이동을 하지 않는다.\n    if(i != least){\n        SWAP(list[i], list[least], temp);\n    }\n  }\n}\n\nvoid main(){\n  int i;\n  i\n\n;\n;\n',NULL,NULL,NULL,NULL,15),('# include <stdio.h>\n# define SWAP(x, y, temp) ( (temp)=(x), (x)=(y), (y)=(temp) )\n# define MAX_SIZE 5\n\n// 선택 정렬\nvoid selection_sort(int list[], int n){\n  int i, j, least, temp;\n\n  // 마지막 숫자는 자동으로 정렬되기 때문에 (숫자 개수-1) 만큼 반복한다.\n  for(i=0; i<n-1; i++){\n    least = i;\n\n    // 최솟값을 탐색한다.\n    for(j=i+1; j<n; j++){\n      if(list[j]<list[least])\n      ',NULL,NULL,NULL,NULL,16),('# include <stdio.h>\n# define SWAP(x, y, temp) ( (temp)=(x), (x)=(y), (y)=(temp) )\n# define MAX_SIZE 5\n\n// 선택 정렬\nvoid selection_sort(int list[], int n){\n  int i, j, least, temp;\n\n  // 마지막 숫자는 자동으로 정렬되기 때문에 (숫자 개수-1) 만큼 반복한다.\n  for(i=0; i<n-1; i++){\n    least = i;\n\n    // 최솟값을 탐색한다.\n    for(j=i+1; j<n; j++){\n      if(list[j]<list[least])\n        least = j;\n    }\n\n    // 최솟값이 자기 자신이면 자료 이동을 하지 않는다.\n    if(i != least){\n        SWAP(list[i], list[least], temp);\n    }\n  }\n}\n\nvoid main(){\n  int i;\n  i\n\n;\n;',NULL,NULL,NULL,NULL,17),('def ff(a[]):\r\n	print(\"hi\")\r\n	\r\n	\r\na[] = [1,2,3,4,5]\r\nff(a)','2021-05-22','Bubble_sort',0.010567903518676758,4,18),('print(\"hi\")','2021-05-26','Bubble_sort',0.0019190311431884766,4,19),('print(\"hi\")','2021-05-26','Bubble_sort',0.0006339550018310547,4,20),('print(\"hi\")\r\nprint(\"hi\")\r\n','2021-05-27','Bubble_sort',0.0006148815155029297,4,21),('# version: Python3\r\n\r\n# please edit your code here:\r\n# code start\r\n\r\ndef solution():\r\n	pass\r\n\r\nif __name__ == \'__main__\':\r\n\r\n# code end\r\n\r\n','2021-05-27','Bubble_sort',0.005453824996948242,4,22),('list=[5,2,1,3,4]\r\nfor pivot1 in range(5):\r\n	for pivot2 in range(5):\r\n		if list[pivot1]>list[pivot2]:\r\n			tmp=list[pivot1]\r\n			list[pivot1]=list[pivot2]\r\n			list[pivot2]=tmp','2021-05-29','Bubble_sort',0.010586738586425781,4,23),('list=[5,2,1,3,4]\r\nfor pivot1 in range(5):\r\n	for pivot2 in range(5):\r\n		if list[pivot1]>list[pivot2]:\r\n			tmp=list[pivot1]\r\n			list[pivot1]=list[pivot2]\r\n			list[pivot2]=tmp','2021-05-29','Bubble_sort',0.012208700180053711,4,24),('list=[5,2,1,3,4]\r\nfor pivot1 in range(5):\r\n	for pivot2 in range(5):\r\n		if list[pivot1]>list[pivot2]:\r\n			tmp=list[pivot1]\r\n			list[pivot1]=list[pivot2]\r\n			list[pivot2]=tmp\r\nlist=[100,1000]','2021-05-29','Bubble_sort',0.01028585433959961,4,25),('list=[5,2,1,3,4]\r\nfor pivot1 in range(5):\r\n	for pivot2 in range(5):\r\n		if list[pivot1]>list[pivot2]:\r\n			tmp=list[pivot1]\r\n			list[pivot1]=list[pivot2]\r\n			list[pivot2]=tmp\r\nlist=[100,1000]','2021-05-29','Bubble_sort',0.011695146560668945,4,26),('list=[5,2,1,3,4]\r\nfor pivot1 in range(5):\r\n	for pivot2 in range(5):\r\n		if list[pivot1]>list[pivot2]:\r\n			tmp=list[pivot1]\r\n			list[pivot1]=list[pivot2]\r\n			list[pivot2]=tmp\r\nlist=[100,1000]','2021-05-29','Bubble_sort',0.01229405403137207,4,27),('list=[5,2,1,3,4]\r\nfor pivot1 in range(5):\r\n	for pivot2 in range(5):\r\n		if list[pivot1]>list[pivot2]:\r\n			tmp=list[pivot1]\r\n			list[pivot1]=list[pivot2]\r\n			list[pivot2]=tmp\r\nlist=[100,1000]','2021-05-29','Bubble_sort',0.013695001602172852,4,28),('list=[5,2,1,3,4]\r\nfor pivot1 in range(5):\r\n	for pivot2 in range(5):\r\n		if list[pivot1]>list[pivot2]:\r\n			tmp=list[pivot1]\r\n			list[pivot1]=list[pivot2]\r\n			list[pivot2]=tmp\r\nlist=[100,1000]','2021-05-29','Bubble_sort',0.014384269714355469,4,29),('list=[5,2,1,3,4]\r\nfor pivot1 in range(5):\r\n	for pivot2 in range(5):\r\n		if list[pivot1]>list[pivot2]:\r\n			tmp=list[pivot1]\r\n			list[pivot1]=list[pivot2]\r\n			list[pivot2]=tmp\r\nlist=[100,1000]','2021-05-29','Bubble_sort',0.012358903884887695,4,30),('list=[5,2,1,3,4]\r\nfor pivot1 in range(5):\r\n	for pivot2 in range(5):\r\n		if list[pivot1]>list[pivot2]:\r\n			tmp=list[pivot1]\r\n			list[pivot1]=list[pivot2]\r\n			list[pivot2]=tmp\r\nlist=[100,1000]','2021-05-29','Bubble_sort',0.013229131698608398,4,31),('list=[5,2,1,3,4]\r\nfor pivot1 in range(5):\r\n	for pivot2 in range(5):\r\n		if list[pivot1]>list[pivot2]:\r\n			tmp=list[pivot1]\r\n			list[pivot1]=list[pivot2]\r\n			list[pivot2]=tmp\r\nlist=[100,1000]','2021-05-29','Bubble_sort',0.014017105102539062,4,32),('list=[5,2,1,3,4]\r\nfor pivot1 in range(5):\r\n	for pivot2 in range(5):\r\n		if list[pivot1]>list[pivot2]:\r\n			tmp=list[pivot1]\r\n			list[pivot1]=list[pivot2]\r\n			list[pivot2]=tmp\r\nlist2=[100,1000]\r\nlist3=[100,1000]\r\nlist4=[100,1000]\r\nlist5=[100,1000]\r\nlist6=[100,1000]','2021-05-29','Bubble_sort',0.015386104583740234,4,33),('list=[5,2,1,3,4]\r\nfor pivot1 in range(5):\r\n	for pivot2 in range(5):\r\n		if list[pivot1]>list[pivot2]:\r\n			tmp=list[pivot1]\r\n			list[pivot1]=list[pivot2]\r\n			list[pivot2]=tmp\r\nlist2=[100,1000]\r\nlist3=[100,1000]\r\nlist4=[\'str\']\r\nlist5=[100,1000]\r\nlist6=[100,1000]','2021-05-29','Bubble_sort',0.014067411422729492,4,34),('list1 = [1,2,3,4,5]\r\nlist2 = [\"a\",\"b\",\"c\"]\r\na = 1\r\nb = 2\r\n','2021-05-29','Bubble_sort',0.0012662410736083984,4,35),('list1 = [1,2,3,4,5]\r\nlist2 = [\"a\",\"b\",\"c\"]\r\na = 1\r\nb = 2\r\n','2021-05-29','Bubble_sort',0.0017561912536621094,4,36),('list1 = [1,2,3,4,5]\r\nlist2 = [\"a\",\"b\",\"c\"]\r\na = 1\r\nb = 2\r\n','2021-05-29','Bubble_sort',0.0015108585357666016,4,37),('list1 = [1,2,3,4,5]\r\nlist2 = [\"a\",\"b\",\"c\"]\r\na = 1\r\nb = 2\r\n','2021-05-29','Bubble_sort',0.002225160598754883,4,38),('list1 = [1,2,3,4,5]\r\nlist2 = [\"a\",\"b\",\"c\"]\r\na = 1\r\nb = 2\r\n','2021-05-29','Bubble_sort',0.0014739036560058594,4,39),('list1 = [1,2,3,4,5]\r\nlist2 = [\"a\",\"b\",\"c\"]\r\na = 1\r\nb = 2\r\n','2021-05-29','Bubble_sort',0.0012347698211669922,4,40),('list1 = [1,2,3,4,5]\r\nlist2 = [\"a\",\"b\",\"c\"]\r\na = 1\r\nb = 2\r\n','2021-05-29','Bubble_sort',0.0013499259948730469,4,41),('list1 = [1,2,3,4,5]\r\nlist2 = [\"a\",\"b\",\"c\"]\r\na = 1\r\nb = 2\r\n','2021-05-29','Bubble_sort',0.0010428428649902344,4,42),('list1 = [1,2,3,4,5]\r\nlist2 = [\"a\",\"b\",\"c\"]\r\na = 1\r\nb = 2\r\n','2021-05-29','Bubble_sort',0.0012669563293457031,4,43),('list1 = [1,2,3,4,5]\r\nlist2 = [\"a\",\"b\",\"c\"]\r\nfor pivot1 in range(5):\r\n	list[pivot1] = 5\r\na = 1\r\nb = 2\r\n','2021-05-29','Bubble_sort',0.004408836364746094,4,44),('list1 = [1,2,3,4,5]\r\nlist2 = [\"a\",\"b\",\"c\"]\r\nfor pivot1 in range(5):\r\n	list[pivot1] = 5\r\na = 1\r\nb = 2\r\n','2021-05-29','Bubble_sort',0.0017867088317871094,4,45),('list1 = [1,2,3,4,5]\r\nlist2 = [\"a\",\"b\",\"c\"]\r\nfor pivot1 in range(5):\r\n	list[pivot1] = 5\r\na = 1\r\nb = 2\r\n','2021-05-29','Bubble_sort',0.0019011497497558594,4,46),('list1 = [1,2,3,4,5]\r\nlist2 = [\"a\",\"b\",\"c\"]\r\nfor pivot1 in range(5):\r\n	list1[pivot1] = 5\r\na = 1\r\nb = 2\r\n','2021-05-29','Bubble_sort',0.003113985061645508,4,47),('list1 = [1,2,3,4,5]\r\nlist2 = [\"a\",\"b\",\"c\"]\r\nfor pivot1 in range(5):\r\n	list1[pivot1] = 5\r\na = 1\r\nb = 2\r\n','2021-05-29','Bubble_sort',0.002797842025756836,4,48),('list1 = [1,2,3,4,5]\r\nlist2 = [\"a\",\"b\",\"c\"]\r\nfor pivot1 in range(5):\r\n	list1[pivot1] = 5\r\na = 1\r\nb = 2\r\n','2021-05-29','Bubble_sort',0.004458904266357422,4,49),('list1 = [1,2,3,4,5]\r\nlist2 = [\"a\",\"b\",\"c\"]\r\nfor pivot1 in range(5):\r\n	list1[pivot1] = 5\r\na = 1\r\nb = 2\r\n','2021-05-29','Bubble_sort',0.0034041404724121094,4,50),('list1 = [1,2,3,4,5]\r\nlist2 = [\"a\",\"b\",\"c\"]\r\nfor pivot1 in range(5):\r\n	list1[pivot1] = 5\r\na = 1\r\nb = 2\r\n','2021-05-29','Bubble_sort',0.003329038619995117,4,51),('list1 = [1,2,3,4,5]\r\nlist2 = [\"a\",\"b\",\"c\"]\r\nfor pivot1 in range(5):\r\n	list1[pivot1] = 5\r\na = 1\r\nb = 2\r\n','2021-05-29','Bubble_sort',0.003081083297729492,4,52),('list1 = [1,2,3,4,5]\r\nlist2 = [\"a\",\"b\",\"c\"]\r\nfor pivot1 in range(5):\r\n	list1[pivot1] = 5\r\na = 1\r\nb = 2\r\n','2021-05-29','Bubble_sort',0.002835988998413086,4,53),('list1 = [1,2,3,4,5]\r\nlist2 = [\"a\",\"b\",\"c\"]\r\nfor pivot1 in range(5):\r\n	list1[pivot1] = 5\r\na = 1\r\nb = 2\r\n','2021-05-29','Bubble_sort',0.004510164260864258,4,54),('list1 = [1,2,3,4,5]\r\nlist2 = [\"a\",\"b\",\"c\"]\r\nfor pivot1 in range(5):\r\n	list1[pivot1] = 5\r\na = 1\r\nb = 2\r\n','2021-05-29','Bubble_sort',0.004067182540893555,4,55),('list1 = [1,2,3,4,5]\r\nlist2 = [\"a\",\"b\",\"c\"]\r\nfor pivot1 in range(5):\r\n	list1[pivot1] = 5\r\na = 1\r\nb = 2\r\n','2021-05-29','Bubble_sort',0.004667997360229492,4,56),('list1 = [1,2,3,4,5]\r\nlist2 = [\"a\",\"b\",\"c\"]\r\nlist3 = [5,4,3,2,1]\r\nfor pivot1 in range(5):\r\n	list1[pivot1] = 5\r\na = 1\r\nb = 2\r\n','2021-05-29','Bubble_sort',0.003181934356689453,4,57),('list1 = [1,2,3,4,5]\r\nlist2 = [\"a\",\"b\",\"c\"]\r\nlist3 = [5,4,3,2,1]\r\nfor pivot1 in range(5):\r\n	list1[pivot1] = 5\r\na = 1\r\nb = 2\r\n','2021-05-29','Bubble_sort',0.003945112228393555,4,58),('list1 = [1,2,3,4,5]\r\nlist2 = [\"a\",\"b\",\"c\"]\r\nlist3 = [5,4,3,2,1]\r\nfor pivot1 in range(5):\r\n	list1[pivot1] = 5\r\na = 1\r\nb = 2\r\n','2021-05-29','Bubble_sort',0.0037469863891601562,4,59),('list1 = [1,2,3,4,5]\r\nlist2 = [\"a\",\"b\",\"c\"]\r\nlist3 = [5,4,3,2,1]\r\nfor pivot1 in range(5):\r\n	list1[pivot1] = 5\r\na = 1\r\nb = 2\r\n','2021-05-29','Bubble_sort',0.0038688182830810547,4,60),('list1 = [1,2,3,4,5]\r\nlist2 = [\"a\",\"b\",\"c\"]\r\nlist3 = [5,4,3,2,1]\r\nfor pivot1 in range(5):\r\n	list1[pivot1] = 5\r\na = 1\r\nb = 2\r\n','2021-05-29','Bubble_sort',0.0037419795989990234,4,61),('list1 = [1,2,3,4,5]\r\nlist2 = [\"a\",\"b\",\"c\"]\r\nlist3 = [5,4,3,2,1]\r\nfor pivot1 in range(5):\r\n	list1[pivot1] = 5\r\na = 1\r\nb = 2\r\n','2021-05-29','Bubble_sort',0.004080057144165039,4,62),('list1 = [1,2,3,4,5]\r\nlist2 = [\"a\",\"b\",\"c\"]\r\nlist3 = [5,4,3,2,1]\r\nfor pivot1 in range(5):\r\n	list1[pivot1] = 5\r\na = 1\r\nb = 2\r\n','2021-05-29','Bubble_sort',0.0041882991790771484,4,63),('list1 = [1,2,3,4,5]\r\nlist2 = [\"a\",\"b\",\"c\"]\r\nlist3 = [5,4,3,2,1]\r\nfor pivot1 in range(5):\r\n	list1[pivot1] = 5\r\na = 1\r\nb = 2\r\n','2021-05-29','Bubble_sort',0.003612995147705078,4,64),('list1 = [1,2,3,4,5]\r\nlist2 = [\"a\",\"b\",\"c\"]\r\nlist3 = [5,4,3,2,1]\r\nfor pivot1 in range(5):\r\n	list1[pivot1] = 5\r\na = 1\r\nb = 2\r\n','2021-05-29','Bubble_sort',0.005182981491088867,4,65),('list1 = [1,2,3,4,5]\r\nlist2 = [\"a\",\"b\",\"c\"]\r\nlist3 = [5,4,3,2,1]\r\nfor pivot1 in range(5):\r\n	list1[pivot1] = 5\r\na = 1\r\nb = 2\r\n','2021-05-29','Bubble_sort',0.0029430389404296875,4,66),('list1 = [1,2,3,4,5]\r\nlist2 = [\"a\",\"b\",\"c\"]\r\nlist3 = [5,4,3,2,1]\r\nfor pivot1 in range(5):\r\n	list1[pivot1] = 5\r\na = 1\r\nb = 2\r\n','2021-05-29','Bubble_sort',0.004621028900146484,4,67),('list1 = [1,2,3,4,5]\r\nlist2 = [\"a\",\"b\",\"c\"]\r\nlist3 = [5,4,3,2,1]\r\nfor pivot1 in range(5):\r\n	list1[pivot1] = 5\r\na = 1\r\nb = 2\r\n','2021-05-29','Bubble_sort',0.00397801399230957,4,68),('list1 = [1,2,3,4,5]\r\nlist2 = [\"a\",\"b\",\"c\"]\r\nlist3 = [5,4,3,2,1]\r\nfor pivot1 in range(5):\r\n	list1[pivot1] = 5\r\na = 1\r\nb = 2\r\n','2021-05-29','Bubble_sort',0.005167961120605469,4,69),('list1 = [1,2,3,4,5]\r\nlist2 = [\"a\",\"b\",\"c\"]\r\nlist3 = [5,4,3,2,1]\r\nfor pivot1 in range(5):\r\n	list1[pivot1] = 5\r\na = 1\r\nb = 2\r\n','2021-05-29','Bubble_sort',0.004511356353759766,4,70),('list1 = [1,2,3,4,5]\r\nlist2 = [\"a\",\"b\",\"c\"]\r\nlist3 = [5,4,3,2,1]\r\nfor pivot1 in range(5):\r\n	list1[pivot1] = 5\r\na = 1\r\nb = 2\r\n','2021-05-29','Bubble_sort',0.004547119140625,4,71),('list1 = [1,2,3,4,5]\r\nlist2 = [\"a\",\"b\",\"c\"]\r\nlist3 = [5,4,3,2,1]\r\nfor pivot1 in range(5):\r\n	list1[pivot1] = 5\r\na = 1\r\nb = 2\r\n','2021-05-29','Bubble_sort',0.0035860538482666016,4,72),('list1 = [1,2,3,4,5]\r\nlist2 = [\"a\",\"b\",\"c\"]\r\nlist3 = [5,4,3,2,1]\r\nfor pivot1 in range(5):\r\n	list1[pivot1] = 5\r\na = 1\r\nb = 2\r\n','2021-05-29','Bubble_sort',0.005330801010131836,4,73),('list1 = [1,2,3,4,5]\r\nlist2 = [\"a\",\"b\",\"c\"]\r\nlist3 = [5,4,3,2,1]\r\nfor pivot1 in range(5):\r\n	list1[pivot1] = 5\r\na = 1\r\nb = 2\r\n','2021-05-29','Bubble_sort',0.0025763511657714844,4,74),('list1 = [1,2,3,4,5]\r\nlist2 = [\"a\",\"b\",\"c\"]\r\nlist3 = [5,4,3,2,1]\r\nfor pivot1 in range(5):\r\n	list1[pivot1] = 5\r\na = 1\r\nb = 2\r\n','2021-05-29','Bubble_sort',0.004179954528808594,4,75),('list1 = [1,2,3,4,5]\r\nlist2 = [\"a\",\"b\",\"c\"]\r\nlist3 = [5,4,3,2,1]\r\nfor pivot1 in range(5):\r\n	list1[pivot1] = 5\r\na = 1\r\nb = 2\r\n','2021-05-29','Bubble_sort',0.0034339427947998047,4,76),('list1 = [1,2,3,4,5]\r\nlist2 = [\"a\",\"b\",\"c\"]\r\nlist3 = [5,4,3,2,1]\r\nfor pivot1 in range(5):\r\n	list1[pivot1] = 5\r\na = 1\r\nb = 2\r\n','2021-05-29','Bubble_sort',0.004795074462890625,4,77),('list1 = [1,2,3,4,5]\r\nlist2 = [\"a\",\"b\",\"c\"]\r\nlist3 = [5,4,3,2,1]\r\nfor pivot1 in range(5):\r\n	list1[pivot1] = 5\r\na = 1\r\nb = 2\r\n','2021-05-29','Bubble_sort',0.004405975341796875,4,78),('list1 = [1,2,3,4,5]\r\nlist2 = [\"a\",\"b\",\"c\"]\r\nlist3 = [5,4,3,2,1]\r\nfor pivot1 in range(5):\r\n	list1[pivot1] = 5\r\na = 1\r\nb = 2\r\n','2021-05-29','Bubble_sort',0.003425121307373047,4,79),('list1 = [1,2,3,4,5]\r\nlist2 = [\"a\",\"b\",\"c\"]\r\nlist3 = [5,4,3,2,1]\r\nfor pivot1 in range(5):\r\n	list1[pivot1] = 5\r\na = 1\r\nb = 2\r\n','2021-05-29','Bubble_sort',0.003933906555175781,4,80),('list1 = [1,2,3,4,5]\r\nlist2 = [\"a\",\"b\",\"c\"]\r\nlist3 = [5,4,3,2,1]\r\nfor pivot1 in range(5):\r\n	list1[pivot1] = 5\r\na = 1\r\nb = 2\r\n','2021-05-29','Bubble_sort',0.0045850276947021484,4,81),('list1 = [1,2,3,4,5]\r\nlist2 = [\"a\",\"b\",\"c\"]\r\nlist3 = [5,4,3,2,1]\r\nfor pivot1 in range(5):\r\n	list1[pivot1] = 5\r\na = 1\r\nb = 2\r\n','2021-05-29','Bubble_sort',0.003639698028564453,4,82),('list1 = [1,2,3,4,5]\r\nlist2 = [\"a\",\"b\",\"c\"]\r\nlist3 = [5,4,3,2,1]\r\nfor pivot1 in range(5):\r\n	list1[pivot1] = 5\r\na = 1\r\nb = 2\r\n','2021-05-29','Bubble_sort',0.0038068294525146484,4,83),('list1 = [1,2,3,4,5]\r\nlist2 = [\"a\",\"b\",\"c\"]\r\nlist3 = [5,4,3,2,1]\r\nfor pivot1 in range(5):\r\n	list1[pivot1] = 5\r\na = 1\r\nb = 2\r\n','2021-05-29','Bubble_sort',0.004760265350341797,4,84),('list1 = [1,2,3,4,5]\r\nlist2 = [\"a\",\"b\",\"c\"]\r\nlist3 = [5,4,3,2,1]\r\nfor pivot1 in range(5):\r\n	list1[pivot1] = 5\r\na = 1\r\nb = 2\r\n','2021-05-29','Bubble_sort',0.006398439407348633,4,85),('list1 = [1,2,3,4,5]\r\nlist2 = [\"a\",\"b\",\"c\"]\r\nlist3 = [5,4,3,2,1]\r\nfor pivot1 in range(5):\r\n	list1[pivot1] = 5\r\na = 1\r\nb = 2\r\n','2021-05-29','Bubble_sort',0.005021095275878906,4,86),('list1 = [1,2,3,4,5]\r\nlist2 = [\"a\",\"b\",\"c\"]\r\nlist3 = [5,4,3,2,1]\r\nfor pivot1 in range(5):\r\n	list1[pivot1] = 5\r\na = 1\r\nb = 2\r\n','2021-05-29','Bubble_sort',0.004197120666503906,4,87),('list1 = [1,2,3,4,5]\r\nlist2 = [\"a\",\"b\",\"c\"]\r\nlist3 = [5,4,3,2,1]\r\nfor pivot1 in range(5):\r\n	list1[pivot1] = 5\r\na = 1\r\nb = 2\r\n','2021-05-29','Bubble_sort',0.004825115203857422,4,88),('list1 = [1,2,3,4,5]\r\nlist2 = [\"a\",\"b\",\"c\"]\r\nlist3 = [5,4,3,2,1]\r\nfor pivot1 in range(5):\r\n	list1[pivot1] = 5\r\na = 1\r\nb = 2\r\n','2021-05-29','Bubble_sort',0.004541158676147461,4,89),('list1 = [1,2,3,4,5]\r\nlist2 = [\"a\",\"b\",\"c\"]\r\nlist3 = [5,4,3,2,1]\r\nfor pivot1 in range(5):\r\n	list1[pivot1] = 5\r\na = 1\r\nb = 2\r\n','2021-05-29','Bubble_sort',0.005337953567504883,4,90),('list1 = [1,2,3,4,5]\r\nlist2 = [\"a\",\"b\",\"c\"]\r\nlist3 = [5,4,3,2,1]\r\nfor pivot1 in range(5):\r\n	list1[pivot1] = 5\r\na = 1\r\nb = 2\r\n','2021-05-29','Bubble_sort',0.0036830902099609375,4,91),('list1 = [1,2,3,4,5]\r\nlist2 = [\"a\",\"b\",\"c\"]\r\nlist3 = [5,4,3,2,1]\r\nfor pivot1 in range(5):\r\n	list1[pivot1] = 5\r\na = 1\r\nb = 2\r\n','2021-05-29','Bubble_sort',0.004230022430419922,4,92),('list1 = [1,2,3,4,5]\r\nlist2 = [\"a\",\"b\",\"c\"]\r\nlist3 = [5,4,3,2,1]\r\nfor pivot1 in range(5):\r\n	list1[pivot1] = 5\r\na = 1\r\nb = 2\r\n','2021-05-29','Bubble_sort',0.003812074661254883,4,93),('list1 = [1,2,3,4,5]\r\nlist2 = [\"a\",\"b\",\"c\"]\r\nlist3 = [5,4,3,2,1]\r\nfor pivot1 in range(5):\r\n	list1[pivot1] = 5\r\na = 1\r\nb = 2\r\n','2021-05-29','Bubble_sort',0.005040168762207031,4,94),('list1 = [1,2,3,4,5]\r\nlist2 = [\"a\",\"b\",\"c\"]\r\nlist3 = [5,4,3,2,1]\r\nfor pivot1 in range(5):\r\n	list1[pivot1] = 5\r\na = 1\r\nb = 2\r\n','2021-05-29','Bubble_sort',0.004728078842163086,4,95),('list1 = [1,2,3,4,5]\r\nlist2 = [\"a\",\"b\",\"c\"]\r\nlist3 = [5,4,3,2,1]\r\nfor pivot1 in range(5):\r\n	list1[pivot1] = 5\r\na = 1\r\nb = 2\r\n','2021-05-29','Bubble_sort',0.00347900390625,4,96),('list1 = [1,2,3,4,5]\r\nlist2 = [\"a\",\"b\",\"c\"]\r\nlist3 = [5,4,3,2,1]\r\nfor pivot1 in range(5):\r\n	list1[pivot1] = 5\r\na = 1\r\nb = 2\r\n','2021-05-29','Bubble_sort',0.003969907760620117,4,97),('list1 = [1,2,3,4,5]\r\nlist2 = [\"a\",\"b\",\"c\"]\r\nlist3 = [5,4,3,2,1]\r\nfor pivot1 in range(5):\r\n	list1[pivot1] = 5\r\na = 1\r\nb = 2\r\n','2021-05-29','Bubble_sort',0.0050699710845947266,4,98),('list1 = [1,2,3,4,5]\r\nlist2 = [\"a\",\"b\",\"c\"]\r\nlist3 = [5,4,3,2,1]\r\nfor pivot1 in range(5):\r\n	list1[pivot1] = 5\r\na = 1\r\nb = 2\r\n','2021-05-29','Bubble_sort',0.004502058029174805,4,99),('list1 = [1,2,3,4,5]\r\nlist2 = [\"a\",\"b\",\"c\"]\r\nlist3 = [5,4,3,2,1]\r\nfor pivot1 in range(5):\r\n	list1[pivot1] = 5\r\na = 1\r\nb = 2\r\n','2021-05-29','Bubble_sort',0.004698038101196289,4,100),('list1 = [1,2,3,4,5]\r\nlist2 = [\"a\",\"b\",\"c\"]\r\nlist3 = [5,4,3,2,1]\r\nfor pivot1 in range(5):\r\n	list1[pivot1] = 5\r\na = 1\r\nb = 2\r\n','2021-05-29','Bubble_sort',0.0030188560485839844,4,101),('list1 = [1,2,3,4,5]\r\nlist2 = [\"a\",\"b\",\"c\"]\r\nlist3 = [5,4,3,2,1]\r\nfor pivot1 in range(5):\r\n	list1[pivot1] = 5\r\na = 1\r\nb = 2\r\n','2021-05-29','Bubble_sort',0.00643610954284668,4,102),('list1 = [1,2,3,4,5]\r\nlist2 = [\"a\",\"b\",\"c\"]\r\nlist3 = [5,4,3,2,1]\r\nfor pivot1 in range(5):\r\n	list1[pivot1] = 5\r\na = 1\r\nb = 2\r\n','2021-05-29','Bubble_sort',0.0057489871978759766,4,103),('list1 = [1,2,3,4,5]\r\nlist2 = [\"a\",\"b\",\"c\"]\r\nlist3 = [5,4,3,2,1]\r\nfor pivot1 in range(5):\r\n	list1[pivot1] = 5\r\na = 1\r\nb = 2\r\n','2021-05-29','Bubble_sort',0.005488872528076172,4,104),('list1 = [1,2,3,4,5]\r\nlist2 = [\"a\",\"b\",\"c\"]\r\nlist3 = [5,4,3,2,1]\r\nfor pivot1 in range(5):\r\n	list1[pivot1] = 5\r\na = 1\r\nb = 2\r\n','2021-05-29','Bubble_sort',0.004792213439941406,4,105),('list1 = [1,2,3,4,5]\r\nlist2 = [\"a\",\"b\",\"c\"]\r\nlist3 = [5,4,3,2,1]\r\nfor pivot1 in range(5):\r\n	list1[pivot1] = 5\r\na = 1\r\nb = 2\r\n','2021-05-29','Bubble_sort',0.003798961639404297,4,106),('list1 = [1,2,3,4,5]\r\nlist2 = [\"a\",\"b\",\"c\"]\r\nlist3 = [5,4,3,2,1]\r\nfor pivot1 in range(5):\r\n	list1[pivot1] = 5\r\na = 1\r\nb = 2\r\n','2021-05-29','Bubble_sort',0.004406929016113281,4,107),('list1 = [1,2,3,4,5]\r\nlist2 = [\"a\",\"b\",\"c\"]\r\nlist3 = [5,4,3,2,1]\r\nfor pivot1 in range(5):\r\n	list1[pivot1] = 5\r\na = 1\r\nb = 2\r\n','2021-05-29','Bubble_sort',0.0038750171661376953,4,108),('list1 = [1,2,3,4,5]\r\nlist2 = [\"a\",\"b\",\"c\"]\r\nlist3 = [5,4,3,2,1]\r\nfor pivot1 in range(5):\r\n	list1[pivot1] = 5\r\na = 1\r\nb = 2\r\n','2021-05-29','Bubble_sort',0.0045318603515625,4,109),('list1 = [1,2,3,4,5]\r\nlist2 = [\"a\",\"b\",\"c\"]\r\nlist3 = [5,4,3,2,1]\r\nfor pivot1 in range(5):\r\n	list1[pivot1] = 5\r\na = 1\r\nb = 2\r\n','2021-05-29','Bubble_sort',0.004695892333984375,4,110),('list1 = [1,2,3,4,5]\r\nlist2 = [\"a\",\"b\",\"c\"]\r\nlist3 = [5,4,3,2,1]\r\nfor pivot1 in range(5):\r\n	list1[pivot1] = 5\r\na = 1\r\nb = 2\r\n','2021-05-29','Bubble_sort',0.005421876907348633,4,111),('list1 = [1,2,3,4,5]\r\nlist2 = [\"a\",\"b\",\"c\"]\r\nlist3 = [5,4,3,2,1]\r\nfor pivot1 in range(5):\r\n	list1[pivot1] = 5\r\na = 1\r\nb = 2\r\n','2021-05-29','Bubble_sort',0.0035436153411865234,4,112),('list1 = [1,2,3,4,5]\r\nlist2 = [\"a\",\"b\",\"c\"]\r\nlist3 = [5,4,3,2,1]\r\nfor pivot1 in range(5):\r\n	list1[pivot1] = 5\r\na = 1\r\nb = 2\r\n','2021-05-29','Bubble_sort',0.004436969757080078,4,113),('list1 = [1,2,3,4,5]\r\nlist2 = [\"a\",\"b\",\"c\"]\r\nlist3 = [5,4,3,2,1]\r\nfor pivot1 in range(5):\r\n	list1[pivot1] = 5\r\na = 1\r\nb = 2\r\n','2021-05-29','Bubble_sort',0.004519939422607422,4,114),('list1 = [1,2,3,4,5]\r\nlist2 = [\"a\",\"b\",\"c\"]\r\nlist3 = [5,4,3,2,1]\r\nfor pivot1 in range(5):\r\n	list1[pivot1] = 5\r\na = 1\r\nb = 2\r\n','2021-05-29','Bubble_sort',0.004786968231201172,4,115),('list1 = [1,2,3,4,5]\r\nlist2 = [\"a\",\"b\",\"c\"]\r\nlist3 = [5,4,3,2,1]\r\nfor pivot1 in range(5):\r\n	list1[pivot1] = 5\r\na = 1\r\nb = 2\r\n','2021-05-29','Bubble_sort',0.004611968994140625,4,116),('list1 = [1,2,3,4,5]\r\nlist2 = [\"a\",\"b\",\"c\"]\r\nlist3 = [5,4,3,2,1]\r\nfor pivot1 in range(5):\r\n	list1[pivot1] = 5\r\na = 1\r\nb = 2\r\n','2021-05-29','Bubble_sort',0.0040090084075927734,4,117),('list1 = [1,2,3,4,5]\r\nlist2 = [\"a\",\"b\",\"c\"]\r\nlist3 = [5,4,3,2,1]\r\nfor pivot1 in range(5):\r\n	list1[pivot1] = 5\r\na = 1\r\nb = 2\r\n','2021-05-29','Bubble_sort',0.0046977996826171875,4,118),('list1 = [1,2,3,4,5]\r\nlist2 = [\"a\",\"b\",\"c\"]\r\nlist3 = [5,4,3,2,1]\r\nfor pivot1 in range(5):\r\n	list1[pivot1] = 5\r\na = 1\r\nb = 2\r\n','2021-05-29','Bubble_sort',0.006224155426025391,4,119),('list1 = [1,2,3,4,5]\r\nlist2 = [\"a\",\"b\",\"c\"]\r\nlist3 = [5,4,3,2,1]\r\nfor pivot1 in range(5):\r\n	list1[pivot1] = 5\r\na = 1\r\nb = 2\r\n','2021-05-29','Bubble_sort',0.0043888092041015625,4,120),('list1 = [1,2,3,4,5]\r\nlist2 = [\"a\",\"b\",\"c\"]\r\nlist3 = [5,4,3,2,1]\r\nfor pivot1 in range(5):\r\n	list1[pivot1] = 5\r\na = 1\r\nb = 2\r\n','2021-05-29','Bubble_sort',0.0055980682373046875,4,121),('list1 = [1,2,3,4,5]\r\nlist2 = [\"a\",\"b\",\"c\"]\r\nlist3 = [5,4,3,2,1]\r\nfor pivot1 in range(5):\r\n	list1[pivot1] = 5\r\na = 1\r\nb = 2\r\n','2021-05-29','Bubble_sort',0.005328178405761719,4,122),('list1 = [1,2,3,4,5]\r\nlist2 = [\"a\",\"b\",\"c\"]\r\nlist3 = [5,4,3,2,1]\r\nfor pivot1 in range(5):\r\n	list1[pivot1] = 5\r\na = 1\r\nb = 2\r\n','2021-05-29','Bubble_sort',0.004554033279418945,4,123),('list1 = [1,2,3,4,5]\r\nlist2 = [\"a\",\"b\",\"c\"]\r\nlist3 = [5,4,3,2,1]\r\nfor pivot1 in range(5):\r\n	list1[pivot1] = 5\r\na = 1\r\nb = 2\r\n','2021-05-29','Bubble_sort',0.004889249801635742,4,124),('list1 = [1,2,3,4,5]\r\nlist2 = [\"a\",\"b\",\"c\"]\r\nlist3 = [5,4,3,2,1]\r\nfor pivot1 in range(5):\r\n	list1[pivot1] = 5\r\na = 1\r\nb = 2\r\n','2021-05-29','Bubble_sort',0.006147146224975586,4,125),('list1 = [1,2,3,4,5]\r\nlist2 = [\"a\",\"b\",\"c\"]\r\nlist3 = [5,4,3,2,1]\r\nfor pivot1 in range(5):\r\n	list1[pivot1] = 5\r\na = 1\r\nb = 2\r\n','2021-05-29','Bubble_sort',0.003635883331298828,4,126),('list1 = [1,2,3,4,5]\r\nlist2 = [\"a\",\"b\",\"c\"]\r\nlist3 = [5,4,3,2,1]\r\nfor pivot1 in range(5):\r\n	list1[pivot1] = 5\r\na = 1\r\nb = 2\r\n','2021-05-29','Bubble_sort',0.004597187042236328,4,127),('list1 = [1,2,3,4,5]\r\nlist2 = [\"a\",\"b\",\"c\"]\r\nlist3 = [5,4,3,2,1]\r\nfor pivot1 in range(5):\r\n	list1[pivot1] = 5\r\na = 1\r\nb = 2\r\n','2021-05-29','Bubble_sort',0.004285097122192383,4,128),('list1 = [1,2,3,4,5]\r\nlist2 = [\"a\",\"b\",\"c\"]\r\nlist3 = [5,4,3,2,1]\r\nfor pivot1 in range(5):\r\n	list1[pivot1] = 5\r\na = 1\r\nb = 2\r\n','2021-05-29','Bubble_sort',0.004943132400512695,4,129),('list1 = [1,2,3,4,5]\r\nlist2 = [\"a\",\"b\",\"c\"]\r\nlist3 = [5,4,3,2,1]\r\nfor pivot1 in range(5):\r\n	list1[pivot1] = 5\r\na = 1\r\nb = 2\r\n','2021-05-29','Bubble_sort',0.003941059112548828,4,130),('list1 = [1,2,3,4,5]\r\nlist2 = [\"a\",\"b\",\"c\"]\r\nlist3 = [5,4,3,2,1]\r\nfor pivot1 in range(5):\r\n	list1[pivot1] = 5\r\na = 1\r\nb = 2\r\n','2021-05-29','Bubble_sort',0.005795955657958984,4,131),('list1 = [1,2,3,4,5]\r\nlist2 = [\"a\",\"b\",\"c\"]\r\nlist3 = [5,4,3,2,1]\r\nlist4 = [3,3,3,3,3]\r\nfor pivot1 in range(5):\r\n	list1[pivot1] = 5\r\na = 1\r\nb = 2\r\n','2021-05-29','Bubble_sort',0.006643772125244141,4,132),('list1 = [1,2,3,4,5]\r\n#list2 = [\"a\",\"b\",\"c\"]\r\nlist3 = [5,4,3,2,1]\r\nlist4 = [3,3,3,3,3]\r\nfor pivot1 in range(5):\r\n	list1[pivot1] = 5\r\na = 1\r\nb = 2\r\n','2021-05-29','Bubble_sort',0.0028409957885742188,4,133),('list1 = [1,2,3,4,5]\r\n#list2 = [\"a\",\"b\",\"c\"]\r\nlist3 = [5,4,3,2,1]\r\nlist4 = [3,3,3,3,3]\r\nfor pivot1 in range(5):\r\n	list1[pivot1] = 5\r\na = 1\r\nb = 2\r\n','2021-05-29','Bubble_sort',0.002254009246826172,4,134),('list1 = [1,2,3,4,5]\r\n#list2 = [\"a\",\"b\",\"c\"]\r\nlist3 = [5,4,3,2,1]\r\nlist4 = [3,3,3,3,3]\r\nfor pivot1 in range(5):\r\n	list1[pivot1] = 5\r\na = 1\r\nb = 2\r\n','2021-05-29','Bubble_sort',0.004965066909790039,4,135),('list1 = [1,2,3,4,5]\r\nlist3 = [5,4,3,2,1]\r\nlist4 = [3,3,3,3,3]\r\nfor pivot1 in range(5):\r\n	list1[pivot1] = 5\r\na = 1\r\nb = 2\r\n','2021-05-29','Bubble_sort',0.005339145660400391,4,136),('list1 = [1,2,3,4,5]\r\nlist3 = [5,4,3,2,1]\r\nlist4 = [3,3,3,3,3]\r\nfor pivot1 in range(5):\r\n	list1[pivot1] = 5\r\na = 1\r\nb = 2\r\n','2021-05-29','Bubble_sort',0.004554033279418945,4,137),('list1 = [1,2,3,4,5]\r\nlist3 = [5,4,3,2,1]\r\nlist4 = [3,3,3,3,3]\r\nfor pivot1 in range(5):\r\n	list1[pivot1] = 5\r\na = 1\r\nb = 2\r\n','2021-05-29','Bubble_sort',0.0036978721618652344,4,138),('list1 = [1,2,3,4,5]\r\nlist3 = [5,4,3,2,1]\r\nlist4 = [3,3,3,3,3]\r\nfor pivot1 in range(5):\r\n	list1[pivot1] = 5\r\na = 1\r\nb = 2\r\n','2021-05-29','Bubble_sort',0.0046160221099853516,4,139),('list1 = [1,2,3,4,5]\r\nlist3 = [5,4,3,2,1]\r\nlist4 = [3,3,3,3,3]\r\nfor pivot1 in range(5):\r\n	list1[pivot1] = 5\r\na = 1\r\nb = 2\r\n','2021-05-29','Bubble_sort',0.00434112548828125,4,140),('list1 = [1,2,3,4,5]\r\nlist3 = [5,4,3,2,1]\r\nlist4 = [3,3,3,3,3]\r\nfor pivot1 in range(5):\r\n	list1[pivot1] = 5\r\na = 1\r\nb = 2\r\n','2021-05-29','Bubble_sort',0.0039980411529541016,4,141),('list1 = [1,2,3,4,5]\r\nlist3 = [5,4,3,2,1]\r\nlist4 = [3,3,3,3,3]\r\nfor pivot1 in range(5):\r\n	list1[pivot1] = 5\r\na = 1\r\nb = 2\r\n','2021-05-29','Bubble_sort',0.004554033279418945,4,142),('list1 = [1,2,3,4,5]\r\nlist3 = [5,4,3,2,1]\r\nlist4 = [3,3,3,3,3]\r\nfor pivot1 in range(5):\r\n	list1[pivot1] = 5\r\na = 1\r\nb = 2\r\n','2021-05-29','Bubble_sort',0.0039119720458984375,4,143),('list1 = [1,2,3,4,5]\r\nlist3 = [5,4,3,2,1]\r\nlist4 = [3,3,3,3,3]\r\nfor pivot1 in range(5):\r\n	list1[pivot1] = 5\r\na = 1\r\nb = 2\r\n','2021-05-29','Bubble_sort',0.005786895751953125,4,144),('list1 = [1,2,3,4,5]\r\nlist3 = [5,4,3,2,1]\r\nlist4 = [3,3,3,3,3]\r\nfor pivot1 in range(5):\r\n	list1[pivot1] = 5\r\na = 1\r\nb = 2\r\n','2021-05-29','Bubble_sort',0.004163026809692383,4,145),('list1 = [1,2,3,4,5]\r\nlist3 = [5,4,3,2,1]\r\nlist4 = [3,3,3,3,3]\r\nfor pivot1 in range(5):\r\n	list1[pivot1] = 5\r\na = 1\r\nb = 2\r\n','2021-05-29','Bubble_sort',0.0050199031829833984,4,146),('list1 = [1,2,3,4,5]\r\nlist3 = [5,4,3,2,1]\r\nlist4 = [3,3,3,3,3]\r\nfor pivot1 in range(5):\r\n	list1[pivot1] = 5\r\na = 1\r\nb = 2\r\n','2021-05-29','Bubble_sort',0.005337715148925781,4,147),('list1 = [1,2,3,4,5]\r\nlist3 = [5,4,3,2,1]\r\nlist4 = [3,3,3,3,3]\r\nfor pivot1 in range(5):\r\n	list1[pivot1] = 5\r\na = 1\r\nb = 2\r\n','2021-05-29','Bubble_sort',0.006081819534301758,4,148),('list1 = [1,2,3,4,5]\r\nlist3 = [5,4,3,2,1]\r\nlist4 = [3,3,3,3,3]\r\nfor pivot1 in range(5):\r\n	list1[pivot1] = 5\r\na = 1\r\nb = 2\r\n','2021-05-29','Bubble_sort',0.03412508964538574,4,149),('list1 = [1,2,3,4,5]\r\nlist3 = [5,4,3,2,1]\r\nlist4 = [3,3,3,3,3]\r\nfor pivot1 in range(5):\r\n	list1[pivot1] = 5\r\na = 1\r\nb = 2\r\n','2021-05-29','Bubble_sort',0.004598140716552734,4,150),('list1 = [1,2,3,4,5]\r\nlist3 = [5,4,3,2,1]\r\nlist4 = [3,3,3,3,3]\r\nfor pivot1 in range(5):\r\n	list1[pivot1] = 5\r\na = 1\r\nb = 2\r\n','2021-05-29','Bubble_sort',0.005319118499755859,4,151),('list1 = [1,2,3,4,5]\r\nlist3 = [5,4,3,2,1]\r\nlist4 = [3,3,3,3,3]\r\nfor pivot1 in range(5):\r\n	list1[pivot1] = 5\r\na = 1\r\nb = 2\r\n','2021-05-29','Bubble_sort',0.003615856170654297,4,152),('list1 = [1,2,3,4,5]\r\nlist3 = [5,4,3,2,1]\r\nlist4 = [3,3,3,3,3]\r\nfor pivot1 in range(5):\r\n	list1[pivot1] = 5\r\na = 1\r\nb = 2\r\n','2021-05-29','Bubble_sort',0.004157066345214844,4,153),('list1 = [1,2,3,4,5]\r\nlist3 = [5,4,3,2,1]\r\nlist4 = [3,3,3,3,3]\r\nfor pivot1 in range(5):\r\n	list1[pivot1] = 5\r\na = 1\r\nb = 2\r\n','2021-05-29','Bubble_sort',0.004558086395263672,4,154),('list1 = [1,2,3,4,5]\r\nlist3 = [5,4,3,2,1]\r\nlist4 = [3,3,3,3,3]\r\nfor pivot1 in range(5):\r\n	list1[pivot1] = 5\r\na = 1\r\nb = 2\r\n','2021-05-29','Bubble_sort',0.004269838333129883,4,155),('list1 = [1,2,3,4,5]\r\nlist3 = [5,4,3,2,1]\r\nlist2 = [\"a\",\"b\",\"c\"]\r\nlist4 = [3,3,3,3,3]\r\nfor pivot1 in range(5):\r\n	list1[pivot1] = 5\r\na = 1\r\nb = 2\r\n','2021-05-29','Bubble_sort',0.0052890777587890625,4,156),('list1 = [1,2,3,4,5]\r\nlist3 = [5,4,3,2,1]\r\nlist2 = [\"a\",\"b\",\"c\"]\r\nlist4 = [3,3,3,3,3]\r\nfor pivot1 in range(5):\r\n	list1[pivot1] = 5\r\na = 1\r\nb = 2\r\n','2021-05-29','Bubble_sort',0.0053958892822265625,4,157),('list1 = [1,2,3,4,5]\r\nlist3 = [5,4,3,2,1]\r\nlist2 = [\"a\",\"b\",\"c\"]\r\nlist4 = [3,3,3,3,3]\r\nfor pivot1 in range(5):\r\n	list1[pivot1] = 5\r\na = 1\r\nb = 2\r\n','2021-05-29','Bubble_sort',0.006327152252197266,4,158),('list1 = [1,2,3,4,5]\r\nlist3 = [5,4,3,2,1]\r\nlist2 = [\"a\",\"b\",\"c\"]\r\nlist4 = [3,3,3,3,3]\r\nfor pivot1 in range(5):\r\n	list1[pivot1] = 5\r\na = 1\r\nb = 2\r\n','2021-05-29','Bubble_sort',0.003908872604370117,4,159),('list1 = [1,2,3,4,5]\r\nlist3 = [5,4,3,2,1]\r\nlist2 = [\"a\",\"b\",\"c\"]\r\nlist4 = [3,3,3,3,3]\r\nfor pivot1 in range(5):\r\n	list1[pivot1] = 5\r\na = 1\r\nb = 2\r\n','2021-05-29','Bubble_sort',0.004130125045776367,4,160),('list1 = [1,2,3,4,5]\r\nlist3 = [5,4,3,2,1]\r\nlist2 = [\"a\",\"b\",\"c\"]\r\nlist4 = [3,3,3,3,3]\r\nfor pivot1 in range(5):\r\n	list1[pivot1] = 5\r\na = 1\r\nb = 2\r\n','2021-05-29','Bubble_sort',0.007678985595703125,4,161),('list1 = [1,2,3,4,5]\r\nlist3 = [5,4,3,2,1]\r\nlist2 = [\"a\",\"b\",\"c\"]\r\nlist4 = [3,3,3,3,3]\r\nfor pivot1 in range(5):\r\n	list1[pivot1] = 5\r\na = 1\r\nb = 2\r\n','2021-05-29','Bubble_sort',0.003631114959716797,4,162),('list1 = [1,2,3,4,5]\r\nlist3 = [5,4,3,2,1]\r\nlist2 = [\"a\",\"b\",\"c\"]\r\nlist4 = [3,3,3,3,3]\r\nfor pivot1 in range(5):\r\n	list1[pivot1] = 5\r\na = 1\r\nb = 2\r\n','2021-05-29','Bubble_sort',0.005536079406738281,4,163),('progresses = [95, 90, 99, 99, 80, 99]\r\nspeeds = [1,1,1,1,1,1]\r\n\r\nanswer = []\r\nstore = []\r\nfor prog, spd in zip(progresses, speeds) :\r\n	tmp = (100-prog)\r\n	if tmp%spd == 0:\r\n		store.append(int(tmp/spd))\r\n	else :\r\n		store.append(int(tmp/spd)+1)\r\ncnt = 0\r\ni = 0\r\nwhile(store):\r\n	i += 1\r\n	if store[0] == 0:\r\n		store.pop(0)\r\n		cnt += 1\r\n		continue\r\n	else :\r\n		if cnt != 0 :\r\n			answer.append(cnt)\r\n			cnt = 0\r\n		for i in range(len(store)):\r\n			if store[i]>0:\r\n				store[i] = store[i] - 1\r\nanswer.append(cnt)','2021-05-29','Bubble_sort',0.10788106918334961,4,164),('progresses = [95, 90, 99, 99, 80, 99]\r\nspeeds = [1,1,1,1,1,1]\r\n\r\nanswer = []\r\nstore = []\r\nfor prog, spd in zip(progresses, speeds) :\r\n	tmp = (100-prog)\r\n	if tmp%spd == 0:\r\n		store.append(int(tmp/spd))\r\n	else :\r\n		store.append(int(tmp/spd)+1)\r\ncnt = 0\r\ni = 0\r\nwhile(store):\r\n	i += 1\r\n	if store[0] == 0:\r\n		store.pop(0)\r\n		cnt += 1\r\n		continue\r\n	else :\r\n		if cnt != 0 :\r\n			answer.append(cnt)\r\n			cnt = 0\r\n		for i in range(len(store)):\r\n			if store[i]>0:\r\n				store[i] = store[i] - 1\r\nanswer.append(cnt)','2021-05-29','Bubble_sort',0.09428620338439941,4,165),('progresses = [95, 90, 99, 99, 80, 99]\r\nspeeds = [1,1,1,1,1,1]\r\n\r\nanswer = [0]\r\nstore = [0]\r\nfor prog, spd in zip(progresses, speeds) :\r\n	tmp = (100-prog)\r\n	if tmp%spd == 0:\r\n		store.append(int(tmp/spd))\r\n	else :\r\n		store.append(int(tmp/spd)+1)\r\ncnt = 0\r\ni = 0\r\nwhile(store):\r\n	i += 1\r\n	if store[0] == 0:\r\n		store.pop(0)\r\n		cnt += 1\r\n		continue\r\n	else :\r\n		if cnt != 0 :\r\n			answer.append(cnt)\r\n			cnt = 0\r\n		for i in range(len(store)):\r\n			if store[i]>0:\r\n				store[i] = store[i] - 1\r\nanswer.append(cnt)','2021-05-29','Bubble_sort',0.09857916831970215,4,166),('progresses = [95, 90, 99, 99, 80, 99]\r\nspeeds = [1,1,1,1,1,1]\r\n\r\nanswer = [0]\r\nstore = [0]\r\nfor prog, spd in zip(progresses, speeds) :\r\n	tmp = (100-prog)\r\n	if tmp%spd == 0:\r\n		store.append(int(tmp/spd))\r\n	else :\r\n		store.append(int(tmp/spd)+1)\r\ncnt = 0\r\ni = 0\r\nwhile(store):\r\n	i += 1\r\n	if store[0] == 0:\r\n		store.pop(0)\r\n		cnt += 1\r\n		continue\r\n	else :\r\n		if cnt != 0 :\r\n			answer.append(cnt)\r\n			cnt = 0\r\n		for i in range(len(store)):\r\n			if store[i]>0:\r\n				store[i] = store[i] - 1\r\nanswer.append(cnt)','2021-05-29','Bubble_sort',0.1366739273071289,4,167),('progresses = [95, 90, 99, 99, 80, 99]\r\nspeeds = [1,1,1,1,1,1]\r\n\r\nanswer = [0]\r\nstore = [0]\r\nfor prog, spd in zip(progresses, speeds) :\r\n	tmp = (100-prog)\r\n	if tmp%spd == 0:\r\n		store.append(int(tmp/spd))\r\n	else :\r\n		store.append(int(tmp/spd)+1)\r\ncnt = 0\r\ni = 0\r\nwhile(store):\r\n	i += 1\r\n	if store[0] == 0:\r\n		store.pop(0)\r\n		cnt += 1\r\n		continue\r\n	else :\r\n		if cnt != 0 :\r\n			answer.append(cnt)\r\n			cnt = 0\r\n		for i in range(len(store)):\r\n			if store[i]>0:\r\n				store[i] = store[i] - 1\r\nanswer.append(cnt)','2021-05-29','Bubble_sort',0.09500002861022949,4,168),('progresses = [95, 90, 99, 99, 80, 99]\r\nspeeds = [1,1,1,1,1,1]\r\n\r\nanswer = [0]\r\nstore = [0]\r\nfor prog, spd in zip(progresses, speeds) :\r\n	tmp = (100-prog)\r\n	if tmp%spd == 0:\r\n		store.append(int(tmp/spd))\r\n	else :\r\n		store.append(int(tmp/spd)+1)\r\ncnt = 0\r\ni = 0\r\nwhile(store):\r\n	i += 1\r\n	if store[0] == 0:\r\n		store.pop(0)\r\n		cnt += 1\r\n		continue\r\n	else :\r\n		if cnt != 0 :\r\n			answer.append(cnt)\r\n			cnt = 0\r\n		for i in range(len(store)):\r\n			if store[i]>0:\r\n				store[i] = store[i] - 1\r\nanswer.append(cnt)','2021-05-29','Bubble_sort',0.17787694931030273,4,169),('progresses = [95, 90, 99, 99, 80, 99]\r\nspeeds = [1,1,1,1,1,1]\r\n\r\nanswer = [0]\r\nstore = [0]\r\nfor prog, spd in zip(progresses, speeds) :\r\n	tmp = (100-prog)\r\n	if tmp%spd == 0:\r\n		store.append(int(tmp/spd))\r\n	else :\r\n		store.append(int(tmp/spd)+1)\r\ncnt = 0\r\ni = 0\r\nwhile(store):\r\n	i += 1\r\n	if store[0] == 0:\r\n		store.pop(0)\r\n		cnt += 1\r\n		continue\r\n	else :\r\n		if cnt != 0 :\r\n			answer.append(cnt)\r\n			cnt = 0\r\n		for i in range(len(store)):\r\n			if store[i]>0:\r\n				store[i] = store[i] - 1\r\nanswer.append(cnt)','2021-05-29','Bubble_sort',0.11548709869384766,4,170),('progresses = [95, 90, 99, 99, 80, 99]\r\nspeeds = [1,1,1,1,1,1]\r\n\r\nanswer = [0]\r\nstore = [0]\r\nfor prog, spd in zip(progresses, speeds) :\r\n	tmp = (100-prog)\r\n	if tmp%spd == 0:\r\n		store.append(int(tmp/spd))\r\n	else :\r\n		store.append(int(tmp/spd)+1)\r\ncnt = 0\r\ni = 0\r\nwhile(store):\r\n	i += 1\r\n	if store[0] == 0:\r\n		store.pop(0)\r\n		cnt += 1\r\n		continue\r\n	else :\r\n		if cnt != 0 :\r\n			answer.append(cnt)\r\n			cnt = 0\r\n		for i in range(len(store)):\r\n			if store[i]>0:\r\n				store[i] = store[i] - 1\r\nanswer.append(cnt)','2021-05-29','Bubble_sort',0.15993285179138184,4,171),('a=[0]\r\nb=[1,2]','2021-05-29','Bubble_sort',0.0010671615600585938,4,172),('progresses = [95, 90, 99, 99, 80, 99]\r\nspeeds = [1,1,1,1,1,1]\r\nanswer = []\r\nstore = []\r\nfor prog, spd in zip(progresses, speeds) :\r\n	tmp = (100-prog)\r\n	if tmp%spd == 0:\r\n		store.append(int(tmp/spd))\r\n	else :\r\n		store.append(int(tmp/spd)+1)\r\ncnt = 0\r\ni = 0\r\nwhile(store):\r\n	i += 1\r\n	if store[0] == 0:\r\n		store.pop(0)\r\n		cnt += 1\r\n		continue\r\n	else :\r\n		if cnt != 0 :\r\n			answer.append(cnt)\r\n			cnt = 0\r\n		for i in range(len(store)):\r\n			if store[i]>0:\r\n				store[i] = store[i] - 1\r\nanswer.append(cnt)','2021-05-29','Bubble_sort',0.11257004737854004,4,173),('a=[]\r\nb=[]\r\nc=[1,2,3]\r\nd=[21,2,2,2]','2021-05-29','Bubble_sort',0.002307891845703125,4,174),('a=[]\r\nb=[]\r\nc=[1,2,3]\r\nd=[21,2,2,2]\r\na.append(1)\r\nb.append(1)','2021-05-29','Bubble_sort',0.0018489360809326172,4,175),('progresses = [95, 90, 99, 99, 80, 99]\r\nspeeds = [1,1,1,1,1,1]\r\nanswer = []\r\nstore = []\r\nfor prog, spd in zip(progresses, speeds) :\r\n	tmp = (100-prog)\r\n	if tmp%spd == 0:\r\n		store.append(int(tmp/spd))\r\n	else :\r\n		store.append(int(tmp/spd)+1)\r\ncnt = 0\r\ni = 0\r\nwhile(store):\r\n	i += 1\r\n	if store[0] == 0:\r\n		store.pop(0)\r\n		cnt += 1\r\n		continue\r\n	else :\r\n		if cnt != 0 :\r\n			answer.append(cnt)\r\n			cnt = 0\r\n		for i in range(len(store)):\r\n			if store[i]>0:\r\n				store[i] = store[i] - 1\r\nanswer.append(cnt)','2021-05-29','Bubble_sort',0.0990900993347168,4,176),('progresses = [95, 90, 99, 99, 80, 99]\r\nspeeds = [1,1,1,1,1,1]\r\nanswer = []\r\nstore = []\r\nfor prog, spd in zip(progresses, speeds) :\r\n	tmp = (100-prog)\r\n	if tmp%spd == 0:\r\n		store.append(int(tmp/spd))\r\n	else :\r\n		store.append(int(tmp/spd)+1)\r\ncnt = 0\r\ni = 0\r\nwhile(store):\r\n	i += 1\r\n	if store[0] == 0:\r\n		store.pop(0)\r\n		cnt += 1\r\n		continue\r\n	else :\r\n		if cnt != 0 :\r\n			answer.append(cnt)\r\n			cnt = 0\r\n		for i in range(len(store)):\r\n			if store[i]>0:\r\n				store[i] = store[i] - 1\r\nanswer.append(cnt)','2021-05-29','Bubble_sort',0.0932619571685791,4,177),('progresses = [95, 90, 99, 99, 80, 99]\r\nspeeds = [1,1,1,1,1,1]\r\na = []\r\nstore = []\r\nfor prog, spd in zip(progresses, speeds) :\r\n	tmp = (100-prog)\r\n	if tmp%spd == 0:\r\n		store.append(int(tmp/spd))\r\n	else :\r\n		store.append(int(tmp/spd)+1)\r\ncnt = 0\r\ni = 0\r\nwhile(store):\r\n	i += 1\r\n	if store[0] == 0:\r\n		store.pop(0)\r\n		cnt += 1\r\n		continue\r\n	else :\r\n		if cnt != 0 :\r\n			answer.append(cnt)\r\n			cnt = 0\r\n		for i in range(len(store)):\r\n			if store[i]>0:\r\n				store[i] = store[i] - 1\r\nanswer.append(cnt)','2021-05-29','Bubble_sort',0.04283595085144043,4,178),('progresses = [95, 90, 99, 99, 80, 99]\r\nspeeds = [1,1,1,1,1,1]\r\na = []\r\nstore = []\r\nfor prog, spd in zip(progresses, speeds) :\r\n	tmp = (100-prog)\r\n	if tmp%spd == 0:\r\n		store.append(int(tmp/spd))\r\n	else :\r\n		store.append(int(tmp/spd)+1)\r\ncnt = 0\r\ni = 0\r\nwhile(store):\r\n	i += 1\r\n	if store[0] == 0:\r\n		store.pop(0)\r\n		cnt += 1\r\n		continue\r\n	else :\r\n		if cnt != 0 :\r\n			answer.append(cnt)\r\n			cnt = 0\r\n		for i in range(len(store)):\r\n			if store[i]>0:\r\n				store[i] = store[i] - 1\r\nanswer.append(cnt)','2021-05-29','Bubble_sort',0.05029797554016113,4,179),('progresses = [95, 90, 99, 99, 80, 99]\r\nspeeds = [1,1,1,1,1,1]\r\na = []\r\nstore = []\r\nfor prog, spd in zip(progresses, speeds) :\r\n	tmp = (100-prog)\r\n	if tmp%spd == 0:\r\n		store.append(int(tmp/spd))\r\n	else :\r\n		store.append(int(tmp/spd)+1)\r\ncnt = 0\r\ni = 0\r\nwhile(store):\r\n	i += 1\r\n	if store[0] == 0:\r\n		store.pop(0)\r\n		cnt += 1\r\n		continue\r\n	else :\r\n		if cnt != 0 :\r\n			answer.append(cnt)\r\n			cnt = 0\r\n		for i in range(len(store)):\r\n			if store[i]>0:\r\n				store[i] = store[i] - 1\r\nanswer.append(cnt)','2021-05-29','Bubble_sort',0.047250986099243164,4,180),('progresses = [95, 90, 99, 99, 80, 99]\r\nspeeds = [1,1,1,1,1,1]\r\nanswer = []\r\nstore = []\r\nfor prog, spd in zip(progresses, speeds) :\r\n	tmp = (100-prog)\r\n	if tmp%spd == 0:\r\n		store.append(int(tmp/spd))\r\n	else :\r\n		store.append(int(tmp/spd)+1)\r\ncnt = 0\r\ni = 0\r\nwhile(store):\r\n	i += 1\r\n	if store[0] == 0:\r\n		store.pop(0)\r\n		cnt += 1\r\n		continue\r\n	else :\r\n		if cnt != 0 :\r\n			answer.append(cnt)\r\n			cnt = 0\r\n		for i in range(len(store)):\r\n			if store[i]>0:\r\n				store[i] = store[i] - 1\r\nanswer.append(cnt)','2021-05-29','Bubble_sort',0.10025906562805176,4,181),('progresses = [95, 90, 99, 99, 80, 99]\r\nspeeds = [1,1,1,1,1,1]\r\nanswer = []\r\nstore = []\r\nfor prog, spd in zip(progresses, speeds) :\r\n	tmp = (100-prog)\r\n	if tmp%spd == 0:\r\n		store.append(int(tmp/spd))\r\n	else :\r\n		store.append(int(tmp/spd)+1)\r\ncnt = 0\r\ni = 0\r\nwhile(store):\r\n	i += 1\r\n	if store[0] == 0:\r\n		store.pop(0)\r\n		cnt += 1\r\n		continue\r\n	else :\r\n		if cnt != 0 :\r\n			answer.append(cnt)\r\n			cnt = 0\r\n		for i in range(len(store)):\r\n			if store[i]>0:\r\n				store[i] = store[i] - 1\r\nanswer.append(cnt)','2021-05-29','Bubble_sort',0.08902812004089355,4,182),('progresses = [95, 90, 99, 99, 80, 99]\r\nspeeds = [1,1,1,1,1,1]\r\nanswer = []\r\nstore = []\r\nfor prog, spd in zip(progresses, speeds) :\r\n	tmp = (100-prog)\r\n	if tmp%spd == 0:\r\n		store.append(int(tmp/spd))\r\n	else :\r\n		store.append(int(tmp/spd)+1)\r\ncnt = 0\r\ni = 0\r\nwhile(store):\r\n	i += 1\r\n	if store[0] == 0:\r\n		store.pop(0)\r\n		cnt += 1\r\n		continue\r\n	else :\r\n		if cnt != 0 :\r\n			answer.append(cnt)\r\n			cnt = 0\r\n		for i in range(len(store)):\r\n			if store[i]>0:\r\n				store[i] = store[i] - 1\r\nanswer.append(cnt)','2021-05-29','Bubble_sort',0.09518098831176758,4,183),('progresses = [95, 90, 99, 99, 80, 99]\r\nspeeds = [1,1,1,1,1,1]\r\nanswer = []\r\nstore = []\r\nfor prog, spd in zip(progresses, speeds) :\r\n	tmp = (100-prog)\r\n	if tmp%spd == 0:\r\n		store.append(int(tmp/spd))\r\n	else :\r\n		store.append(int(tmp/spd)+1)\r\ncnt = 0\r\ni = 0\r\nwhile(store):\r\n	i += 1\r\n	if store[0] == 0:\r\n		store.pop(0)\r\n		cnt += 1\r\n		continue\r\n	else :\r\n		if cnt != 0 :\r\n			answer.append(cnt)\r\n			cnt = 0\r\n		for i in range(len(store)):\r\n			if store[i]>0:\r\n				store[i] = store[i] - 1\r\nanswer.append(cnt)','2021-05-29','Bubble_sort',0.10403299331665039,4,184),('progresses = [95, 90, 99, 99, 80, 99]\r\nspeeds = [1,1,1,1,1,1]\r\nanswer = []\r\nstore = []\r\nfor prog, spd in zip(progresses, speeds) :\r\n	tmp = (100-prog)\r\n	if tmp%spd == 0:\r\n		store.append(int(tmp/spd))\r\n	else :\r\n		store.append(int(tmp/spd)+1)\r\ncnt = 0\r\ni = 0\r\nwhile(store):\r\n	i += 1\r\n	if store[0] == 0:\r\n		store.pop(0)\r\n		cnt += 1\r\n		continue\r\n	else :\r\n		if cnt != 0 :\r\n			answer.append(cnt)\r\n			cnt = 0\r\n		for i in range(len(store)):\r\n			if store[i]>0:\r\n				store[i] = store[i] - 1\r\nanswer.append(cnt)','2021-05-29','Bubble_sort',0.11492204666137695,4,185),('progresses = [95, 90, 99, 99, 80, 99]\r\nspeeds = [1,1,1,1,1,1]\r\nanswer = []\r\nstore = []\r\nfor prog, spd in zip(progresses, speeds) :\r\n	tmp = (100-prog)\r\n	if tmp%spd == 0:\r\n		store.append(int(tmp/spd))\r\n	else :\r\n		store.append(int(tmp/spd)+1)\r\ncnt = 0\r\ni = 0\r\nwhile(store):\r\n	i += 1\r\n	if store[0] == 0:\r\n		store.pop(0)\r\n		cnt += 1\r\n		continue\r\n	else :\r\n		if cnt != 0 :\r\n			answer.append(cnt)\r\n			cnt = 0\r\n		for i in range(len(store)):\r\n			if store[i]>0:\r\n				store[i] = store[i] - 1\r\nanswer.append(cnt)','2021-05-29','Bubble_sort',0.15747714042663574,4,186),('progresses = [95, 90, 99, 99, 80, 99]\r\nspeeds = [1,1,1,1,1,1]\r\nanswer = []\r\nstore = []\r\nfor prog, spd in zip(progresses, speeds) :\r\n	tmp = (100-prog)\r\n	if tmp%spd == 0:\r\n		store.append(int(tmp/spd))\r\n	else :\r\n		store.append(int(tmp/spd)+1)\r\ncnt = 0\r\ni = 0\r\nwhile(store):\r\n	i += 1\r\n	if store[0] == 0:\r\n		store.pop(0)\r\n		cnt += 1\r\n		continue\r\n	else :\r\n		if cnt != 0 :\r\n			answer.append(cnt)\r\n			cnt = 0\r\n		for i in range(len(store)):\r\n			if store[i]>0:\r\n				store[i] = store[i] - 1\r\nanswer.append(cnt)','2021-05-29','Bubble_sort',0.11898207664489746,4,187),('progresses = [95, 90, 99, 99, 80, 99]\r\nspeeds = [1,1,1,1,1,1]\r\nanswer = []\r\nstore = []\r\nfor prog, spd in zip(progresses, speeds) :\r\n	tmp = (100-prog)\r\n	if tmp%spd == 0:\r\n		store.append(int(tmp/spd))\r\n	else :\r\n		store.append(int(tmp/spd)+1)\r\ncnt = 0\r\ni = 0\r\nwhile(store):\r\n	i += 1\r\n	if store[0] == 0:\r\n		store.pop(0)\r\n		cnt += 1\r\n		continue\r\n	else :\r\n		if cnt != 0 :\r\n			answer.append(cnt)\r\n			cnt = 0\r\n		for i in range(len(store)):\r\n			if store[i]>0:\r\n				store[i] = store[i] - 1\r\nanswer.append(cnt)','2021-05-29','Bubble_sort',0.11385202407836914,4,188),('progresses = [95, 90, 99, 99, 80, 99]\r\nspeeds = [1,1,1,1,1,1]\r\nanswer = []\r\nstore = []\r\nfor prog, spd in zip(progresses, speeds) :\r\n	tmp = (100-prog)\r\n	if tmp%spd == 0:\r\n		store.append(int(tmp/spd))\r\n	else :\r\n		store.append(int(tmp/spd)+1)\r\ncnt = 0\r\ni = 0\r\nwhile(store):\r\n	i += 1\r\n	if store[0] == 0:\r\n		store.pop(0)\r\n		cnt += 1\r\n		continue\r\n	else :\r\n		if cnt != 0 :\r\n			answer.append(cnt)\r\n			cnt = 0\r\n		for i in range(len(store)):\r\n			if store[i]>0:\r\n				store[i] = store[i] - 1\r\nanswer.append(cnt)','2021-05-29','Bubble_sort',0.09478092193603516,4,189),('progresses = [95, 90, 99, 99, 80, 99]\r\nspeeds = [1,1,1,1,1,1]\r\nanswer = []\r\nstore = []\r\nfor prog, spd in zip(progresses, speeds) :\r\n	tmp = (100-prog)\r\n	if tmp%spd == 0:\r\n		store.append(int(tmp/spd))\r\n	else :\r\n		store.append(int(tmp/spd)+1)\r\ncnt = 0\r\ni = 0\r\nwhile(store):\r\n	i += 1\r\n	if store[0] == 0:\r\n		store.pop(0)\r\n		cnt += 1\r\n		continue\r\n	else :\r\n		if cnt != 0 :\r\n			answer.append(cnt)\r\n			cnt = 0\r\n		for i in range(len(store)):\r\n			if store[i]>0:\r\n				store[i] = store[i] - 1\r\nanswer.append(cnt)','2021-05-29','Bubble_sort',0.10109639167785645,4,190),('progresses = [95, 90, 99, 99, 80, 99]\r\nspeeds = [1,1,1,1,1,1]\r\nanswer = []\r\nstore = []\r\nfor prog, spd in zip(progresses, speeds) :\r\n	tmp = (100-prog)\r\n	if tmp%spd == 0:\r\n		store.append(int(tmp/spd))\r\n	else :\r\n		store.append(int(tmp/spd)+1)\r\ncnt = 0\r\ni = 0\r\nwhile(store):\r\n	i += 1\r\n	if store[0] == 0:\r\n		store.pop(0)\r\n		cnt += 1\r\n		continue\r\n	else :\r\n		if cnt != 0 :\r\n			answer.append(cnt)\r\n			cnt = 0\r\n		for i in range(len(store)):\r\n			if store[i]>0:\r\n				store[i] = store[i] - 1\r\nanswer.append(cnt)','2021-05-29','Bubble_sort',0.10271906852722168,4,191),('progresses = [95, 90, 99, 99, 80, 99]\r\nspeeds = [1,1,1,1,1,1]\r\nanswer = []\r\nstore = []\r\nfor prog, spd in zip(progresses, speeds) :\r\n	tmp = (100-prog)\r\n	if tmp%spd == 0:\r\n		store.append(int(tmp/spd))\r\n	else :\r\n		store.append(int(tmp/spd)+1)\r\ncnt = 0\r\ni = 0\r\nwhile(store):\r\n	i += 1\r\n	if store[0] == 0:\r\n		store.pop(0)\r\n		cnt += 1\r\n		continue\r\n	else :\r\n		if cnt != 0 :\r\n			answer.append(cnt)\r\n			cnt = 0\r\n		for i in range(len(store)):\r\n			if store[i]>0:\r\n				store[i] = store[i] - 1\r\nanswer.append(cnt)','2021-05-29','Bubble_sort',0.10565018653869629,4,192),('progresses = [95, 90, 99, 99, 80, 99]\r\nspeeds = [1,1,1,1,1,1]\r\nanswer = []\r\nstore = []\r\nfor prog, spd in zip(progresses, speeds) :\r\n	tmp = (100-prog)\r\n	if tmp%spd == 0:\r\n		store.append(int(tmp/spd))\r\n	else :\r\n		store.append(int(tmp/spd)+1)\r\ncnt = 0\r\ni = 0\r\nwhile(store):\r\n	i += 1\r\n	if store[0] == 0:\r\n		store.pop(0)\r\n		cnt += 1\r\n		continue\r\n	else :\r\n		if cnt != 0 :\r\n			answer.append(cnt)\r\n			cnt = 0\r\n		for i in range(len(store)):\r\n			if store[i]>0:\r\n				store[i] = store[i] - 1\r\nanswer.append(cnt)','2021-05-29','Bubble_sort',0.09093904495239258,4,193),('progresses = [95, 90, 99, 99, 80, 99]\r\nspeeds = [1,1,1,1,1,1]\r\nanswer = []\r\nstore = []\r\nfor prog, spd in zip(progresses, speeds) :\r\n	tmp = (100-prog)\r\n	if tmp%spd == 0:\r\n		store.append(int(tmp/spd))\r\n	else :\r\n		store.append(int(tmp/spd)+1)\r\ncnt = 0\r\ni = 0\r\nwhile(store):\r\n	i += 1\r\n	if store[0] == 0:\r\n		store.pop(0)\r\n		cnt += 1\r\n		continue\r\n	else :\r\n		if cnt != 0 :\r\n			answer.append(cnt)\r\n			cnt = 0\r\n		for i in range(len(store)):\r\n			if store[i]>0:\r\n				store[i] = store[i] - 1\r\nanswer.append(cnt)','2021-05-29','Bubble_sort',0.12220191955566406,4,194),('progresses = [95, 90, 99, 99, 80, 99]\r\nspeeds = [1,1,1,1,1,1]\r\nanswer = []\r\nstore = []\r\nfor prog, spd in zip(progresses, speeds) :\r\n	tmp = (100-prog)\r\n	if tmp%spd == 0:\r\n		store.append(int(tmp/spd))\r\n	else :\r\n		store.append(int(tmp/spd)+1)\r\ncnt = 0\r\ni = 0\r\nwhile(store):\r\n	i += 1\r\n	if store[0] == 0:\r\n		store.pop(0)\r\n		cnt += 1\r\n		continue\r\n	else :\r\n		if cnt != 0 :\r\n			answer.append(cnt)\r\n			cnt = 0\r\n		for i in range(len(store)):\r\n			if store[i]>0:\r\n				store[i] = store[i] - 1\r\nanswer.append(cnt)','2021-05-29','Bubble_sort',0.11903595924377441,4,195),('progresses = [95, 90, 99, 99, 80, 99]\r\nspeeds = [1,1,1,1,1,1]\r\nanswer = []\r\nstore = []\r\nfor prog, spd in zip(progresses, speeds) :\r\n	tmp = (100-prog)\r\n	if tmp%spd == 0:\r\n		store.append(int(tmp/spd))\r\n	else :\r\n		store.append(int(tmp/spd)+1)\r\ncnt = 0\r\ni = 0\r\nwhile(store):\r\n	i += 1\r\n	if store[0] == 0:\r\n		store.pop(0)\r\n		cnt += 1\r\n		continue\r\n	else :\r\n		if cnt != 0 :\r\n			answer.append(cnt)\r\n			cnt = 0\r\n		for i in range(len(store)):\r\n			if store[i]>0:\r\n				store[i] = store[i] - 1\r\nanswer.append(cnt)','2021-05-29','Bubble_sort',0.09511494636535645,4,196),('progresses = [95, 90, 99, 99, 80, 99]\r\nspeeds = [1,1,1,1,1,1]\r\nanswer = []\r\nstore = []\r\nfor prog, spd in zip(progresses, speeds) :\r\n	tmp = (100-prog)\r\n	if tmp%spd == 0:\r\n		store.append(int(tmp/spd))\r\n	else :\r\n		store.append(int(tmp/spd)+1)\r\ncnt = 0\r\ni = 0\r\nwhile(store):\r\n	i += 1\r\n	if store[0] == 0:\r\n		store.pop(0)\r\n		cnt += 1\r\n		continue\r\n	else :\r\n		if cnt != 0 :\r\n			answer.append(cnt)\r\n			cnt = 0\r\n		for i in range(len(store)):\r\n			if store[i]>0:\r\n				store[i] = store[i] - 1\r\nanswer.append(cnt)','2021-05-29','Bubble_sort',0.13970208168029785,4,197),('progresses = [95, 90, 99, 99, 80, 99]\r\nspeeds = [1,1,1,1,1,1]\r\nanswer = []\r\nstore = []\r\nfor prog, spd in zip(progresses, speeds) :\r\n	tmp = (100-prog)\r\n	if tmp%spd == 0:\r\n		store.append(int(tmp/spd))\r\n	else :\r\n		store.append(int(tmp/spd)+1)\r\ncnt = 0\r\ni = 0\r\nwhile(store):\r\n	i += 1\r\n	if store[0] == 0:\r\n		store.pop(0)\r\n		cnt += 1\r\n		continue\r\n	else :\r\n		if cnt != 0 :\r\n			answer.append(cnt)\r\n			cnt = 0\r\n		for i in range(len(store)):\r\n			if store[i]>0:\r\n				store[i] = store[i] - 1\r\nanswer.append(cnt)','2021-05-29','Bubble_sort',0.09196305274963379,4,198),('progresses = [95, 90, 99, 99, 80, 99]\r\nspeeds = [1,1,1,1,1,1]\r\nanswer = []\r\nstore = []\r\nfor prog, spd in zip(progresses, speeds) :\r\n	tmp = (100-prog)\r\n	if tmp%spd == 0:\r\n		store.append(int(tmp/spd))\r\n	else :\r\n		store.append(int(tmp/spd)+1)\r\ncnt = 0\r\ni = 0\r\nwhile(store):\r\n	i += 1\r\n	if store[0] == 0:\r\n		store.pop(0)\r\n		cnt += 1\r\n		continue\r\n	else :\r\n		if cnt != 0 :\r\n			answer.append(cnt)\r\n			cnt = 0\r\n		for i in range(len(store)):\r\n			if store[i]>0:\r\n				store[i] = store[i] - 1\r\nanswer.append(cnt)','2021-05-29','Bubble_sort',0.1017148494720459,4,199),('progresses = [95, 90, 99, 99, 80, 99]\r\nspeeds = [1,1,1,1,1,1]\r\nanswer = []\r\nstore = []\r\nfor prog, spd in zip(progresses, speeds) :\r\n	tmp = (100-prog)\r\n	if tmp%spd == 0:\r\n		store.append(int(tmp/spd))\r\n	else :\r\n		store.append(int(tmp/spd)+1)\r\ncnt = 0\r\ni = 0\r\nwhile(store):\r\n	i += 1\r\n	if store[0] == 0:\r\n		store.pop(0)\r\n		cnt += 1\r\n		continue\r\n	else :\r\n		if cnt != 0 :\r\n			answer.append(cnt)\r\n			cnt = 0\r\n		for i in range(len(store)):\r\n			if store[i]>0:\r\n				store[i] = store[i] - 1\r\nanswer.append(cnt)','2021-05-29','Bubble_sort',0.07900118827819824,4,200),('progresses = [95, 90, 99, 99, 80, 99]\r\nspeeds = [1,1,1,1,1,1]\r\nanswer = []\r\nstore = []\r\nfor prog, spd in zip(progresses, speeds) :\r\n	tmp = (100-prog)\r\n	if tmp%spd == 0:\r\n		store.append(int(tmp/spd))\r\n	else :\r\n		store.append(int(tmp/spd)+1)\r\ncnt = 0\r\ni = 0\r\nwhile(store):\r\n	i += 1\r\n	if store[0] == 0:\r\n		store.pop(0)\r\n		cnt += 1\r\n		continue\r\n	else :\r\n		if cnt != 0 :\r\n			answer.append(cnt)\r\n			cnt = 0\r\n		for i in range(len(store)):\r\n			if store[i]>0:\r\n				store[i] = store[i] - 1\r\nanswer.append(cnt)','2021-05-29','Bubble_sort',0.08782005310058594,4,201),('progresses = [95, 90, 99, 99, 80, 99]\r\nspeeds = [1,1,1,1,1,1]\r\nanswer = []\r\nstore = []\r\nfor prog, spd in zip(progresses, speeds) :\r\n	tmp = (100-prog)\r\n	if tmp%spd == 0:\r\n		store.append(int(tmp/spd))\r\n	else :\r\n		store.append(int(tmp/spd)+1)\r\ncnt = 0\r\npivot1 = 0\r\nwhile(store):\r\n	pivot1 += 1\r\n	if store[0] == 0:\r\n		store.pop(0)\r\n		cnt += 1\r\n		continue\r\n	else :\r\n		if cnt != 0 :\r\n			answer.append(cnt)\r\n			cnt = 0\r\n		for i in range(len(store)):\r\n			if store[pivot1]>0:\r\n				store[pivot1] = store[pivot1] - 1\r\nanswer.append(cnt)','2021-05-29','Bubble_sort',0.03005385398864746,4,202),('progresses = [95, 90, 99, 99, 80, 99]\r\nspeeds = [1,1,1,1,1,1]\r\nanswer = []\r\nstore = []\r\nfor prog, spd in zip(progresses, speeds) :\r\n	tmp = (100-prog)\r\n	if tmp%spd == 0:\r\n		store.append(int(tmp/spd))\r\n	else :\r\n		store.append(int(tmp/spd)+1)\r\ncnt = 0\r\npivot1 = 0\r\nwhile(store):\r\n	pivot1 += 1\r\n	if store[0] == 0:\r\n		store.pop(0)\r\n		cnt += 1\r\n		continue\r\n	else :\r\n		if cnt != 0 :\r\n			answer.append(cnt)\r\n			cnt = 0\r\n		for pivot1 in range(len(store)):\r\n			if store[pivot1]>0:\r\n				store[pivot1] = store[pivot1] - 1\r\nanswer.append(cnt)','2021-05-29','Bubble_sort',0.07580208778381348,4,203),('commands = [[2, 5, 3], [4, 4, 1], [1, 7, 3]]\r\narray = [1, 5, 2, 6, 3, 7, 4]\r\n\r\nanswer=[]\r\ntmp=[]\r\nfor pivot1 in range(len(commands)):\r\n	for pivot2 in range(commands[pivot1][0]-1,commands[pivot1][1]):\r\n		tmp.append(array[pivot2])\r\n	tmp.sort()\r\n	answer.append(tmp[commands[pivot1][2]-1])\r\n	tmp=[]','2021-05-29','Bubble_sort',0.010949850082397461,4,204),('a=1\r\nb=2\r\nc=3\r\nlist=[1,2,3]\r\ndict={\'a\':1}\r\n','2021-05-29','Bubble_sort',0.0017480850219726562,4,205),('a=1\r\nb=2\r\nc=3\r\nlist=[1,2,3]\r\ndict={\'a\':1}\r\n','2021-05-29','Bubble_sort',0.002260923385620117,4,206),('a=1\r\nb=2\r\nc=3\r\nlist=[1,2,3]\r\ndict={\'a\':1}\r\n','2021-05-29','Bubble_sort',0.004007101058959961,4,207),('a=1\r\nb=2\r\nc=3\r\nlist=[1,2,3]\r\ndict={\'a\':1}\r\n','2021-05-29','Bubble_sort',0.002499103546142578,4,208),('a=1\r\nb=2\r\nc=3\r\nlist=[1,2,3]\r\ndict={\'a\':1}\r\n','2021-05-29','Bubble_sort',0.0037441253662109375,4,209),('a=1\r\nb=2\r\nc=3\r\nlist=[1,2,3]\r\ndict={\'a\':1}\r\n','2021-05-29','Bubble_sort',0.003576993942260742,4,210),('a=1\r\nb=2\r\nc=3\r\nlist=[1,2,3]\r\ndict={\'a\':1}\r\n','2021-05-29','Bubble_sort',0.0025568008422851562,4,211),('a=1\r\nb=2\r\nc=3\r\nlist=[1,2,3]\r\ndict={\'a\':1}\r\n','2021-05-29','Bubble_sort',0.0019991397857666016,4,212),('a=1\r\nb=2\r\nc=3\r\nlist=[1,2,3]\r\ndict={\'a\':1}\r\n','2021-05-29','Bubble_sort',0.004168987274169922,4,213),('progresses = [95, 90, 99, 99, 80, 99]\r\nspeeds = [1,1,1,1,1,1]\r\n\r\nanswer = []\r\nstore = []\r\nfor prog, spd in zip(progresses, speeds) :\r\n	tmp = (100-prog)\r\n	if tmp%spd == 0:\r\n		store.append(int(tmp/spd))\r\n	else :\r\n		store.append(int(tmp/spd)+1)\r\ncnt = 0\r\ni = 0\r\nwhile(store):\r\n	i += 1\r\n	if store[0] == 0:\r\n		store.pop(0)\r\n		cnt += 1\r\n		continue\r\n	else :\r\n		if cnt != 0 :\r\n			answer.append(cnt)\r\n			cnt = 0\r\n		for i in range(len(store)):\r\n			if store[i]>0:\r\n				store[i] = store[i] - 1\r\nanswer.append(cnt)','2021-05-29','Bubble_sort',0.43828487396240234,4,214),('a=1\r\nb=2\r\ndef sol():\r\n	a=1\r\nsol()','2021-05-29','Bubble_sort',0.004235029220581055,4,215),('progresses = [95, 90, 99, 99, 80, 99]\r\nspeeds = [1,1,1,1,1,1]\r\n\r\nanswer = []\r\nstore = []\r\nfor prog, spd in zip(progresses, speeds) :\r\n	tmp = (100-prog)\r\n	if tmp%spd == 0:\r\n		store.append(int(tmp/spd))\r\n	else :\r\n		store.append(int(tmp/spd)+1)\r\ncnt = 0\r\ni = 0\r\nwhile(store):\r\n	i += 1\r\n	if store[0] == 0:\r\n		store.pop(0)\r\n		cnt += 1\r\n		continue\r\n	else :\r\n		if cnt != 0 :\r\n			answer.append(cnt)\r\n			cnt = 0\r\n		for i in range(len(store)):\r\n			if store[i]>0:\r\n				store[i] = store[i] - 1\r\nanswer.append(cnt)\r\ndef sol():\r\n	a=1\r\nsol()','2021-05-29','Bubble_sort',0.4222850799560547,4,216),('progresses = [95, 90, 99, 99, 80, 99]\r\nspeeds = [1,1,1,1,1,1]\r\n\r\nanswer = []\r\nstore = []\r\nfor prog, spd in zip(progresses, speeds) :\r\n	tmp = (100-prog)\r\n	if tmp%spd == 0:\r\n		store.append(int(tmp/spd))\r\n	else :\r\n		store.append(int(tmp/spd)+1)\r\ncnt = 0\r\ni = 0\r\nwhile(store):\r\n	i += 1\r\n	if store[0] == 0:\r\n		store.pop(0)\r\n		cnt += 1\r\n		continue\r\n	else :\r\n		if cnt != 0 :\r\n			answer.append(cnt)\r\n			cnt = 0\r\n		for i in range(len(store)):\r\n			if store[i]>0:\r\n				store[i] = store[i] - 1\r\nanswer.append(cnt)\r\ndef sol():\r\n	a=1\r\nsol()','2021-05-29','Bubble_sort',0.39489102363586426,4,217),('progresses = [95, 90, 99, 99, 80, 99]\r\nspeeds = [1,1,1,1,1,1]\r\n\r\nanswer = []\r\nstore = []\r\nfor prog, spd in zip(progresses, speeds) :\r\n	tmp = (100-prog)\r\n	if tmp%spd == 0:\r\n		store.append(int(tmp/spd))\r\n	else :\r\n		store.append(int(tmp/spd)+1)\r\ncnt = 0\r\ni = 0\r\nwhile(store):\r\n	i += 1\r\n	if store[0] == 0:\r\n		store.pop(0)\r\n		cnt += 1\r\n		continue\r\n	else :\r\n		if cnt != 0 :\r\n			answer.append(cnt)\r\n			cnt = 0\r\n		for i in range(len(store)):\r\n			if store[i]>0:\r\n				store[i] = store[i] - 1\r\nanswer.append(cnt)','2021-05-29','Bubble_sort',0.42675018310546875,4,218),('progresses = [95, 90, 99, 99, 80, 99]\r\nspeeds = [1,1,1,1,1,1]\r\n\r\nanswer = []\r\nstore = []\r\nfor prog, spd in zip(progresses, speeds) :\r\n	tmp = (100-prog)\r\n	if tmp%spd == 0:\r\n		store.append(int(tmp/spd))\r\n	else :\r\n		store.append(int(tmp/spd)+1)\r\ncnt = 0\r\ni = 0\r\nwhile(store):\r\n	i += 1\r\n	if store[0] == 0:\r\n		store.pop(0)\r\n		cnt += 1\r\n		continue\r\n	else :\r\n		if cnt != 0 :\r\n			answer.append(cnt)\r\n			cnt = 0\r\n		for i in range(len(store)):\r\n			if store[i]>0:\r\n				store[i] = store[i] - 1\r\nanswer.append(cnt)','2021-05-29','Bubble_sort',0.4674248695373535,4,219),('progresses = [95, 90, 99, 99, 80, 99]\r\nspeeds = [1,1,1,1,1,1]\r\n\r\nanswer = []\r\nstore = []\r\nfor prog, spd in zip(progresses, speeds) :\r\n	tmp = (100-prog)\r\n	if tmp%spd == 0:\r\n		store.append(int(tmp/spd))\r\n	else :\r\n		store.append(int(tmp/spd)+1)\r\ncnt = 0\r\ni = 0\r\nwhile(store):\r\n	i += 1\r\n	if store[0] == 0:\r\n		store.pop(0)\r\n		cnt += 1\r\n		continue\r\n	else :\r\n		if cnt != 0 :\r\n			answer.append(cnt)\r\n			cnt = 0\r\n		for i in range(len(store)):\r\n			if store[i]>0:\r\n				store[i] = store[i] - 1\r\nanswer.append(cnt)\r\ndef sol():\r\n	a=1\r\nsol()','2021-05-29','Bubble_sort',0.4070091247558594,4,220),('progresses = [95, 90, 99, 99, 80, 99]\r\nspeeds = [1,1,1,1,1,1]\r\n\r\nanswer = []\r\nstore = []\r\nfor prog, spd in zip(progresses, speeds) :\r\n	tmp = (100-prog)\r\n	if tmp%spd == 0:\r\n		store.append(int(tmp/spd))\r\n	else :\r\n		store.append(int(tmp/spd)+1)\r\ncnt = 0\r\ni = 0\r\nwhile(store):\r\n	i += 1\r\n	if store[0] == 0:\r\n		store.pop(0)\r\n		cnt += 1\r\n		continue\r\n	else :\r\n		if cnt != 0 :\r\n			answer.append(cnt)\r\n			cnt = 0\r\n		for i in range(len(store)):\r\n			if store[i]>0:\r\n				store[i] = store[i] - 1\r\nanswer.append(cnt)\r\ndef sol():\r\n	a=1\r\nsol()','2021-05-29','Bubble_sort',0.39153289794921875,4,221),('progresses = [95, 90, 99, 99, 80, 99]\r\nspeeds = [1,1,1,1,1,1]\r\n\r\nanswer = []\r\nstore = []\r\nfor prog, spd in zip(progresses, speeds) :\r\n	tmp = (100-prog)\r\n	if tmp%spd == 0:\r\n		store.append(int(tmp/spd))\r\n	else :\r\n		store.append(int(tmp/spd)+1)\r\ncnt = 0\r\ni = 0\r\nwhile(store):\r\n	i += 1\r\n	if store[0] == 0:\r\n		store.pop(0)\r\n		cnt += 1\r\n		continue\r\n	else :\r\n		if cnt != 0 :\r\n			answer.append(cnt)\r\n			cnt = 0\r\n		for i in range(len(store)):\r\n			if store[i]>0:\r\n				store[i] = store[i] - 1\r\nanswer.append(cnt)','2021-05-29','Bubble_sort',0.4094970226287842,4,222),('progresses = [95, 90, 99, 99, 80, 99]\r\nspeeds = [1,1,1,1,1,1]\r\n\r\nanswer = []\r\nstore = []\r\nfor prog, spd in zip(progresses, speeds) :\r\n	tmp = (100-prog)\r\n	if tmp%spd == 0:\r\n		store.append(int(tmp/spd))\r\n	else :\r\n		store.append(int(tmp/spd)+1)\r\ncnt = 0\r\ni = 0\r\nwhile(store):\r\n	i += 1\r\n	if store[0] == 0:\r\n		store.pop(0)\r\n		cnt += 1\r\n		continue\r\n	else :\r\n		if cnt != 0 :\r\n			answer.append(cnt)\r\n			cnt = 0\r\n		for i in range(len(store)):\r\n			if store[i]>0:\r\n				store[i] = store[i] - 1\r\nanswer.append(cnt)','2021-05-29','Bubble_sort',0.6222670078277588,4,223),('progresses = [95, 90, 99, 99, 80, 99]\r\nspeeds = [1,1,1,1,1,1]\r\n\r\nanswer = []\r\nstore = []\r\nfor prog, spd in zip(progresses, speeds) :\r\n	tmp = (100-prog)\r\n	if tmp%spd == 0:\r\n		store.append(int(tmp/spd))\r\n	else :\r\n		store.append(int(tmp/spd)+1)\r\ncnt = 0\r\ni = 0\r\nwhile(store):\r\n	i += 1\r\n	if store[0] == 0:\r\n		store.pop(0)\r\n		cnt += 1\r\n		continue\r\n	else :\r\n		if cnt != 0 :\r\n			answer.append(cnt)\r\n			cnt = 0\r\n		for i in range(len(store)):\r\n			if store[i]>0:\r\n				store[i] = store[i] - 1\r\nanswer.append(cnt)\r\n\r\ndef sol():\r\n	a=1\r\nsol()','2021-05-29','Bubble_sort',0.4765970706939697,4,224),('progresses = [95, 90, 99, 99, 80, 99]\r\nspeeds = [1,1,1,1,1,1]\r\n\r\nanswer = []\r\nstore = []\r\nfor prog, spd in zip(progresses, speeds) :\r\n	tmp = (100-prog)\r\n	if tmp%spd == 0:\r\n		store.append(int(tmp/spd))\r\n	else :\r\n		store.append(int(tmp/spd)+1)\r\ncnt = 0\r\ni = 0\r\nwhile(store):\r\n	i += 1\r\n	if store[0] == 0:\r\n		store.pop(0)\r\n		cnt += 1\r\n		continue\r\n	else :\r\n		if cnt != 0 :\r\n			answer.append(cnt)\r\n			cnt = 0\r\n		for i in range(len(store)):\r\n			if store[i]>0:\r\n				store[i] = store[i] - 1\r\nanswer.append(cnt)\r\n\r\ndef sol():\r\n	a=1\r\nsol()','2021-05-29','Bubble_sort',0.4460909366607666,4,225),('progresses = [95, 90, 99, 99, 80, 99]\r\nspeeds = [1,1,1,1,1,1]\r\n\r\nanswer = []\r\nstore = []\r\nfor prog, spd in zip(progresses, speeds) :\r\n	tmp = (100-prog)\r\n	if tmp%spd == 0:\r\n		store.append(int(tmp/spd))\r\n	else :\r\n		store.append(int(tmp/spd)+1)\r\ncnt = 0\r\ni = 0\r\nwhile(store):\r\n	i += 1\r\n	if store[0] == 0:\r\n		store.pop(0)\r\n		cnt += 1\r\n		continue\r\n	else :\r\n		if cnt != 0 :\r\n			answer.append(cnt)\r\n			cnt = 0\r\n		for i in range(len(store)):\r\n			if store[i]>0:\r\n				store[i] = store[i] - 1\r\nanswer.append(cnt)\r\n\r\ndef sol():\r\n	a=1\r\nsol()','2021-05-29','Bubble_sort',0.42843008041381836,4,226),('a=1\r\nb=2\r\nlist=[1,2,3,4,5]\r\ndef sol():\r\n	a=1\r\nsol()','2021-05-29','Bubble_sort',0.0044133663177490234,4,227),('a=1\r\nb=2\r\nlist=[1,2,3,4,5]\r\n','2021-05-29','Bubble_sort',0.0021660327911376953,4,228),('a=1\r\nb=2\r\ndef sol():\r\n	a=1\r\nsol()','2021-05-29','Bubble_sort',0.0057830810546875,4,229),('a=1\r\nb=2\r\ndef sol():\r\n	a=1\r\nsol()','2021-05-29','Bubble_sort',0.0049037933349609375,4,230),('a=1\r\nb=2\r\ndef sol():\r\n	a=1\r\nsol()','2021-05-29','Bubble_sort',0.013039112091064453,4,231),('a=1\r\nb=2\r\ndef sol():\r\n	a=1\r\nsol()','2021-05-29','Bubble_sort',0.001965761184692383,4,232),('a=1\r\nb=2\r\ndef sol():\r\n	a=1\r\nsol()','2021-05-29','Bubble_sort',0.002778291702270508,4,233),('a=1\r\nb=2\r\ndef sol():\r\n	a=1\r\nsol()','2021-05-29','Bubble_sort',0.002225160598754883,4,234),('a=1\r\nb=2\r\ndef sol():\r\n	a=1\r\nsol()','2021-05-29','Bubble_sort',0.002607107162475586,4,235),('a=1\r\nb=2\r\ndef sol():\r\n	a=1\r\nsol()','2021-05-29','Bubble_sort',0.00191497802734375,4,236),('a=1\r\nb=2\r\ndef sol():\r\n	a=1\r\nsol()','2021-05-29','Bubble_sort',0.0018351078033447266,4,237),('a=1\r\nb=2\r\ndef sol():\r\n	a=1\r\nsol()','2021-05-29','Bubble_sort',0.002090930938720703,4,238),('a=1\r\nb=2\r\ndef sol():\r\n	a=1\r\nsol()','2021-05-29','Bubble_sort',0.002688169479370117,4,239),('a=1\r\nb=2\r\ndef sol():\r\n	a=1\r\nsol()','2021-05-29','Bubble_sort',0.0022411346435546875,4,240),('a=1\r\nb=2\r\ndef sol():\r\n	a=1\r\nsol()','2021-05-29','Bubble_sort',0.0037941932678222656,4,241),('a=1\r\nb=2\r\ndef sol():\r\n	a=1\r\nsol()','2021-05-29','Bubble_sort',0.0024590492248535156,4,242),('a=1\r\nb=2\r\ndef sol():\r\n	a=1\r\nsol()','2021-05-29','Bubble_sort',0.0024979114532470703,4,243),('a=1\r\nb=2\r\ndef sol():\r\n	a=1\r\nsol()','2021-05-29','Bubble_sort',0.002264738082885742,4,244),('a=1\r\nb=2\r\ndef sol():\r\n	a=1\r\nsol()','2021-05-29','Bubble_sort',0.0032830238342285156,4,245),('a=1\r\nb=2\r\ndef sol():\r\n	a=1\r\nsol()','2021-05-29','Bubble_sort',0.002499103546142578,4,246),('a=1\r\nb=2\r\ndef sol():\r\n	a=1\r\nsol()','2021-05-29','Bubble_sort',0.0015931129455566406,4,247),('a=1\r\nb=2\r\ndef sol():\r\n	a=1\r\nsol()','2021-05-29','Bubble_sort',0.0022039413452148438,4,248),('a=1\r\nb=2\r\ndef sol():\r\n	a=1\r\nsol()','2021-05-29','Bubble_sort',0.0012180805206298828,4,249),('a=1\r\nb=2\r\ndef sol():\r\n	a=1\r\nsol()','2021-05-29','Bubble_sort',0.0011551380157470703,4,250),('a=1\r\nb=2\r\nlist=[1,2,3,4,5]\r\n','2021-05-29','Bubble_sort',0.000675201416015625,4,251),('a=1\r\nb=2\r\nlist=[1,2,3,4,5]\r\ndef sol():\r\n	a=1\r\nsol()','2021-05-29','Bubble_sort',0.0025887489318847656,4,252),('a=1\r\nb=2\r\ndef sol():\r\n	a=1\r\nsol()','2021-05-29','Bubble_sort',0.0016040802001953125,4,253),('a=1\r\nb=2\r\ndef sol():\r\n	a=1\r\nsol()','2021-05-29','Bubble_sort',0.0012583732604980469,4,254),('a=1\r\nb=2\r\ndef sol():\r\n	a=1\r\nsol()','2021-05-29','Bubble_sort',0.0024688243865966797,4,255),('a=1\r\nb=2\r\ndef sol():\r\n	a=1\r\nsol()','2021-05-29','Bubble_sort',0.0019178390502929688,4,256),('a=1\r\nb=2\r\ndef sol():\r\n	a=1\r\nsol()','2021-05-29','Bubble_sort',0.0018880367279052734,4,257),('a=1\r\nb=2\r\ndef sol():\r\n	a=1\r\nsol()','2021-05-29','Bubble_sort',0.0014867782592773438,4,258),('a=1\r\nb=2','2021-05-29','Bubble_sort',0.00047588348388671875,4,259),('a=1\r\nb=2\r\ndef sol():\r\n	a=1\r\nsol()','2021-05-29','Bubble_sort',0.0019118785858154297,4,260),('a=1\r\nb=2','2021-05-29','Bubble_sort',0.0008497238159179688,4,261),('a=1\r\nb=2\r\ndef sol():\r\n	a=1\r\nsol()','2021-05-29','Bubble_sort',0.0021250247955322266,4,262),('a=1\r\nb=2\r\ndef sol():\r\n	a=1\r\nsol()','2021-05-29','Bubble_sort',0.0020618438720703125,4,263),('a=1\r\nb=2\r\ndef sol():\r\n	a=1\r\nsol()','2021-05-29','Bubble_sort',0.0011379718780517578,4,264),('a=1\r\nb=2\r\ndef sol():\r\n	a=1\r\nsol()','2021-05-29','Bubble_sort',0.0015769004821777344,4,265),('a=1\r\nb=2\r\ndef sol():\r\n	a=1\r\nsol()','2021-05-29','Bubble_sort',0.002440214157104492,4,266),('a=1\r\nb=2\r\ndef sol():\r\n	a=1\r\nsol()','2021-05-29','Bubble_sort',0.0015900135040283203,4,267),('a=1\r\nb=2','2021-05-29','Bubble_sort',0.0007169246673583984,4,268),('def solution(a):\r\n	a=1\r\nsolution(1)\r\na=1','2021-05-29','Bubble_sort',0.0013780593872070312,4,269),('def solution(a):\r\n	a=1\r\nsolution(1)\r\na=1','2021-05-29','Bubble_sort',0.002064943313598633,4,270),('def solution(a):\r\n	a=2\r\nk=1\r\nsolution(k)','2021-05-29','Bubble_sort',0.0015637874603271484,4,271),('def solution(k):\r\n	k=k+1\r\nk=1\r\nsolution(k)','2021-05-29','Bubble_sort',0.0015501976013183594,4,272),('def sol(a):\r\n	a = a+1\r\n	return a\r\nk = 1\r\nk = sol(k)\r\n	','2021-05-29','Bubble_sort',0.0016660690307617188,4,273),('def sol(a):\r\n	a = a+1\r\n	list=[1,2,3,4,5]\r\n	return a\r\nk = 1\r\nk = sol(k)\r\n	','2021-05-29','Bubble_sort',0.002955913543701172,4,274),('def sol(a):\r\n	a = a+1\r\n	list=[1,2,3,4,5]\r\n	return a\r\nk = 1\r\nk = sol(k)\r\n	','2021-05-29','Bubble_sort',0.002251148223876953,4,275),('def sol(a):\r\n	a = a+1\r\n	list=[1,2,3,4,5]\r\n	return a\r\nk = 1\r\nk = sol(k)\r\nlist=[1,2,3,45]\r\n	','2021-05-29','Bubble_sort',0.0021638870239257812,4,276),('def solution(array, commands):\r\n    answer = []\r\n    tmp = []\r\n    for i in range(len(commands)):\r\n        for j in range(commands[i][0]-1,commands[i][1]):\r\n            tmp.append(array[j])\r\n        \r\n        tmp.sort()\r\n        answer.append(tmp[commands[i][2]-1])\r\n        tmp = []\r\n    return answer\r\n\r\narray = [1, 5, 2, 6, 3, 7, 4]\r\ncommands = [[2, 5, 3], [4, 4, 1], [1, 7, 3]]\r\nsolution(array,commands)','2021-05-29','Bubble_sort',0.021260976791381836,4,277),('def sol(a):\r\n	a= a+1\r\n	return a\r\nk=1\r\nb=sol(k)','2021-05-29','Bubble_sort',0.0013659000396728516,4,278),('def sol(a):\r\n	a= a+1\r\n	list=[1,2,3,4,5]\r\n	return a\r\nk=1\r\nb=sol(k)','2021-05-29','Bubble_sort',0.002338886260986328,4,279),('def sol(a):\r\n	a= a+1\r\n	list=[1,2,3,4,5]\r\n	x=1\r\n	str=\'honggoo\'\r\n	list2=[2,3]\r\n	return a\r\nk=1\r\nb=sol(k)','2021-05-29','Bubble_sort',0.002752065658569336,4,280),('def sol(a):\r\n	a= a+1\r\n	list=[1,2,3,4,5]\r\n	x=1\r\n	str=\'honggoo\'\r\n	list2=[2,3]\r\n	return a\r\nk=1\r\nb=sol(k)','2021-05-29','Bubble_sort',0.002672910690307617,4,281),('def sol(a):\r\n	a= a+1\r\n	list=[1,2,3,4,5]\r\n	x=1\r\n	str=\'honggoo\'\r\n	list2=[2,3]\r\n	return a\r\nk=1\r\nb=sol(k)','2021-05-29','Bubble_sort',0.002444744110107422,4,282),('def sol(a):\r\n	a= a+1\r\n	list=[1,2,3,4,5]\r\n	x=1\r\n	str=\'honggoo\'\r\n	list2=[2,3]\r\n	return a\r\nk=1\r\nb=sol(k)\r\na=1\r\nb=2\r\nc=3','2021-05-29','Bubble_sort',0.0031890869140625,4,283),('list=[1,2,3,4]','2021-05-29','Bubble_sort',0.0007250308990478516,4,284),('# version: Python3\r\n\r\n# please edit your code here:\r\n# code start\r\n\r\ndef solution():\r\n	pass\r\n\r\nif __name__ == \'__main__\':\r\n\r\n# code end\r\n\r\n','2021-05-29','Bubble_sort',0.003298044204711914,4,285),('[\'#honggotest\\r\\ndef solution(progresses, speeds):\\r\\n    answer = [0]\\r\\n    store = [0]\\r\\n    for prog, spd in zip(progresses, speeds) :\\r\\n        tmp = (100-prog)\\r\\n        if tmp%spd == 0:\\r\\n            store.append(int(tmp/spd))\\r\\n        else :\\r\\n            store.append(int(tmp/spd)+1)\\r\\n    cnt = 0\\r\\n    pivot1 = 0\\r\\n    while(store):\\r\\n        pivot1 += 1\\r\\n        if store[0] == 0:\\r\\n            store.pop(0)\\r\\n            cnt += 1\\r\\n            continue\\r\\n        else :\\r\\n            if cnt != 0 :\\r\\n                answer.append(cnt)\\r\\n                cnt = 0\\r\\n            for pivot1 in range(len(store)):\\r\\n                if store[pivot1]>0:\\r\\n                    store[pivot1] = store[pivot1] - 1\\r\\n    answer.append(cnt)\\r\\n    return answer\\r\\n\\r\\nprogresses = [93, 30, 55]\\r\\nspeeds = [1, 30, 5]\\r\\nanswer = solution(progresses, speeds)\\r\\nprint(answer)\']','2021-06-01','honggotest\r',0.08134102821350098,12,286),('[\'#honggotest\\r\\ndef solution(progresses, speeds):\\r\\n    answer = [0]\\r\\n    store = [0]\\r\\n    for prog, spd in zip(progresses, speeds) :\\r\\n        tmp = (100-prog)\\r\\n        if tmp%spd == 0:\\r\\n            store.append(int(tmp/spd))\\r\\n        else :\\r\\n            store.append(int(tmp/spd)+1)\\r\\n    cnt = 0\\r\\n    pivot1 = 0\\r\\n    while(store):\\r\\n        pivot1 += 1\\r\\n        if store[0] == 0:\\r\\n            store.pop(0)\\r\\n            cnt += 1\\r\\n            continue\\r\\n        else :\\r\\n            if cnt != 0 :\\r\\n                answer.append(cnt)\\r\\n                cnt = 0\\r\\n            for pivot1 in range(len(store)):\\r\\n                if store[pivot1]>0:\\r\\n                    store[pivot1] = store[pivot1] - 1\\r\\n    answer.append(cnt)\\r\\n    return answer\\r\\n\\r\\nprogresses = [93, 30, 55]\\r\\nspeeds = [1, 30, 5]\\r\\nanswer = solution(progresses, speeds)\\r\\nprint(answer)\']','2021-06-01','honggotest\r',0.06448221206665039,12,287),('[\'#honggotest\\r\\ndef solution(progresses, speeds):\\r\\n    answer = [0]\\r\\n    store = [0]\\r\\n    for prog, spd in zip(progresses, speeds) :\\r\\n        tmp = (100-prog)\\r\\n        if tmp%spd == 0:\\r\\n            store.append(int(tmp/spd))\\r\\n        else :\\r\\n            store.append(int(tmp/spd)+1)\\r\\n    cnt = 0\\r\\n    pivot1 = 0\\r\\n    while(store):\\r\\n        pivot1 += 1\\r\\n        if store[0] == 0:\\r\\n            store.pop(0)\\r\\n            cnt += 1\\r\\n            continue\\r\\n        else :\\r\\n            if cnt != 0 :\\r\\n                answer.append(cnt)\\r\\n                cnt = 0\\r\\n            for pivot1 in range(len(store)):\\r\\n                if store[pivot1]>0:\\r\\n                    store[pivot1] = store[pivot1] - 1\\r\\n    answer.append(cnt)\\r\\n    return answer\\r\\n\\r\\nprogresses = [93, 30, 55]\\r\\nspeeds = [1, 30, 5]\\r\\nanswer = solution(progresses, speeds)\\r\\nprint(answer)\']','2021-06-01','honggotest\r',0.05881333351135254,12,288);
/*!40000 ALTER TABLE `sourcecode` ENABLE KEYS */;
UNLOCK TABLES;
/*!40103 SET TIME_ZONE=@OLD_TIME_ZONE */;

/*!40101 SET SQL_MODE=@OLD_SQL_MODE */;
/*!40014 SET FOREIGN_KEY_CHECKS=@OLD_FOREIGN_KEY_CHECKS */;
/*!40014 SET UNIQUE_CHECKS=@OLD_UNIQUE_CHECKS */;
/*!40101 SET CHARACTER_SET_CLIENT=@OLD_CHARACTER_SET_CLIENT */;
/*!40101 SET CHARACTER_SET_RESULTS=@OLD_CHARACTER_SET_RESULTS */;
/*!40101 SET COLLATION_CONNECTION=@OLD_COLLATION_CONNECTION */;
/*!40111 SET SQL_NOTES=@OLD_SQL_NOTES */;

-- Dump completed on 2021-06-01 19:35:15
